Ndex,pokemon_name,pokemon_height,pokemon_weight,t1,t2,color,evolution,Normal,Fire,Water,Electric,Grass,Ice,Fighting,Poison,Ground,Flying,Psychic,Bug,Rock,Ghost,Dragon,Dark,Steel,Fairy
#023,Ekans,2.0 m,6.9 kg,Poison,Unknown,Purple,Arbok,,,,,,,,,,,,,,,,,,
#021,Spearow,0.3 m,2.0 kg,Normal,Flying,Brown,Fearow,,,,,,,,,,,,,,,,,,
#024,Arbok,3.5 m,65.0 kg,Poison,Unknown,Purple,Final,,,,,,,,,,,,,,,,,,
#022,Fearow,1.2 m,38.0 kg,Normal,Flying,Brown,Final,,,,,,,,,,,,,,,,,,
#025,Pikachu,0.4 m,6.0 kg,Electric,Unknown,Yellow,Raichu,*1,*1,*1,*0.5,*1,*1,*1,*1,*2,*0.5,*1,*1,*1,*1,*1,*1,*0.5,*1
#019,Rattata,0.3 m,3.5 kg,Normal,Unknown,Purple,Raticate;Alolan Raticate,,,,,,,,,,,,,,,,,,
#020,Raticate,0.7 m,18.5 kg,Normal,Unknown,Brown,Final,,,,,,,,,,,,,,,,,,
#018,Pidgeot,1.5 m,39.5 kg,Normal,Flying,Brown,Final,,,,,,,,,,,,,,,,,,
#014,Kakuna,0.6 m,10.0 kg,Bug,Poison,Yellow,Beedrill,,,,,,,,,,,,,,,,,,
#013,Weedle,0.3 m,3.2 kg,Bug,Poison,Brown,Kakuna,,,,,,,,,,,,,,,,,,
#017,Pidgeotto,1.1 m,30.0 kg,Normal,Flying,Brown,Pidgeot,,,,,,,,,,,,,,,,,,
#011,Metapod,0.7 m,9.9 kg,Bug,Unknown,Green,Butterfree,*1,*2,*1,*1,*0.5,*1,*0.5,*1,*0.5,*2,*1,*1,*2,*1,*1,*1,*1,*1
#012,Butterfree,1.1 m,32.0 kg,Bug,Flying,White,Final,*1,*2,*1,*2,*0.25,*2,*0.25,*1,*0,*2,*1,*0.5,*4,*1,*1,*1,*1,*1
#016,Pidgey,0.3 m,1.8 kg,Normal,Flying,Brown,Pidgeotto,,,,,,,,,,,,,,,,,,
#015,Beedrill,1.0 m,29.5 kg,Bug,Poison,Yellow,Final,,,,,,,,,,,,,,,,,,
#898,Calyrex,1.1 m,7.7 kg,Psychic,Grass,Green,Final,*1,*2,*0.5,*0.5,*0.5,*2,*0.5,*2,*0.5,*2,*0.5,*4,*1,*2,*1,*2,*1,*1
#897,Spectrier,2.0 m,44.5 kg,Ghost,Unknown,Black,Final,*0,*1,*1,*1,*1,*1,*0,*0.5,*1,*1,*1,*0.5,*1,*2,*1,*2,*1,*1
#896,Glastrier,2.2 m,800.0 kg,Ice,Unknown,White,Final,*1,*2,*1,*1,*1,*0.5,*2,*1,*1,*1,*1,*1,*2,*1,*1,*1,*2,*1
#895,Regidrago,2.1 m,200.0 kg,Dragon,Unknown,Green,Final,*1,*0.5,*0.5,*0.5,*0.5,*2,*1,*1,*1,*1,*1,*1,*1,*1,*2,*1,*1,*2
#894,Regieleki,1.2 m,145.0 kg,Electric,Unknown,Yellow,Final,*1,*1,*1,*0.5,*1,*1,*1,*1,*2,*0.5,*1,*1,*1,*1,*1,*1,*0.5,*1
#893,Zarude,1.8 m,70.0 kg,Dark,Grass,Black,Final,*1,*2,*0.5,*0.5,*0.5,*2,*2,*2,*0.5,*2,*0,*4,*1,*0.5,*1,*0.5,*1,*2
#892,Urshifu,1.9 m,105.0 kg,Fighting,Dark,Gray,Final,*1,*1,*1,*1,*1,*1,*2,*1,*1,*2,*0,*1,*0.5,*0.5,*1,*0.25,*1,*4
#888,Zacian,2.8 m,110.0 kg,Fairy,Unknown,Blue,Final,*1,*1,*1,*1,*1,*1,*0.5,*2,*1,*1,*1,*0.5,*1,*1,*0,*0.5,*2,*1
#887,Dragapult,3.0 m,50.0 kg,Dragon,Ghost,Green,Final,*0,*0.5,*0.5,*0.5,*0.5,*2,*0,*0.5,*1,*1,*1,*0.5,*1,*2,*2,*2,*1,*2
#886,Drakloak,1.4 m,11.0 kg,Dragon,Ghost,Green,Dragapult,*0,*0.5,*0.5,*0.5,*0.5,*2,*0,*0.5,*1,*1,*1,*0.5,*1,*2,*2,*2,*1,*2
#891,Kubfu,0.6 m,12.0 kg,Fighting,Unknown,Gray,Urshifu;Urshifu Single Strike Style;Urshifu Rapid Strike Style,*1,*1,*1,*1,*1,*1,*1,*1,*1,*2,*2,*0.5,*0.5,*1,*1,*0.5,*1,*2
#889,Zamazenta,2.9 m,210.0 kg,Fighting,Unknown,Red,Final,*1,*1,*1,*1,*1,*1,*1,*1,*1,*2,*2,*0.5,*0.5,*1,*1,*0.5,*1,*2
#885,Dreepy,0.5 m,2.0 kg,Dragon,Ghost,Green,Drakloak,*0,*0.5,*0.5,*0.5,*0.5,*2,*0,*0.5,*1,*1,*1,*0.5,*1,*2,*2,*2,*1,*2
#890,Eternatus,20.0 m,950.0 kg,Poison,Dragon,Purple,Final,*1,*0.5,*0.5,*0.5,*0.25,*2,*0.5,*0.5,*2,*1,*2,*0.5,*1,*1,*2,*1,*1,*1
#884,Duraludon,1.8 m,40.0 kg,Steel,Dragon,White,Final,*0.5,*1,*0.5,*0.5,*0.25,*1,*2,*0,*2,*0.5,*0.5,*0.5,*0.5,*1,*1,*1,*0.5,*1
#879,Copperajah,3.0 m,650.0 kg,Steel,Unknown,Green,Final,*0.5,*2,*1,*1,*0.5,*0.5,*2,*0,*2,*0.5,*0.5,*0.5,*0.5,*1,*0.5,*1,*0.5,*0.5
#883,Arctovish,2.0 m,175.0 kg,Water,Ice,Blue,Final,*1,*1,*0.5,*2,*2,*0.25,*2,*1,*1,*1,*1,*1,*2,*1,*1,*1,*1,*1
#882,Dracovish,2.3 m,215.0 kg,Water,Dragon,Green,Final,*1,*0.25,*0.25,*1,*1,*1,*1,*1,*1,*1,*1,*1,*1,*1,*2,*1,*0.5,*2
#878,Cufant,1.2 m,100.0 kg,Steel,Unknown,Yellow,Copperajah,*0.5,*2,*1,*1,*0.5,*0.5,*2,*0,*2,*0.5,*0.5,*0.5,*0.5,*1,*0.5,*1,*0.5,*0.5
#881,Arctozolt,2.3 m,150.0 kg,Electric,Ice,Blue,Final,*1,*2,*1,*0.5,*1,*0.5,*2,*1,*2,*0.5,*1,*1,*2,*1,*1,*1,*1,*1
#880,Dracozolt,1.8 m,190.0 kg,Electric,Dragon,Green,Final,*1,*0.5,*0.5,*0.25,*0.5,*2,*1,*1,*2,*0.5,*1,*1,*1,*1,*2,*1,*0.5,*2
#877,Morpeko,0.3 m,3.0 kg,Electric,Dark,Yellow,Final,*1,*1,*1,*0.5,*1,*1,*2,*1,*2,*0.5,*0,*2,*1,*0.5,*1,*0.5,*0.5,*2
#876,Indeedee,0.9 m,28.0 kg,Psychic,Normal,Purple,Final,*1,*1,*1,*1,*1,*1,*1,*1,*1,*1,*0.5,*2,*1,*0,*1,*2,*1,*1
#874,Stonjourner,2.5 m,520.0 kg,Rock,Unknown,Gray,Final,*0.5,*0.5,*2,*1,*2,*1,*2,*0.5,*2,*0.5,*1,*1,*1,*1,*1,*1,*2,*1
#869,Alcremie,0.3 m,0.5 kg,Fairy,Unknown,White,Final,*1,*1,*1,*1,*1,*1,*0.5,*2,*1,*1,*1,*0.5,*1,*1,*0,*0.5,*2,*1
#873,Frosmoth,1.3 m,42.0 kg,Ice,Bug,White,Final,*1,*4,*1,*1,*0.5,*0.5,*1,*1,*0.5,*2,*1,*1,*4,*1,*1,*1,*2,*1
#871,Pincurchin,0.3 m,1.0 kg,Electric,Unknown,Purple,Final,*1,*1,*1,*0.5,*1,*1,*1,*1,*2,*0.5,*1,*1,*1,*1,*1,*1,*0.5,*1
#875,Eiscue,1.4 m,89.0 kg,Ice,Unknown,Blue,Final,*1,*2,*1,*1,*1,*0.5,*2,*1,*1,*1,*1,*1,*2,*1,*1,*1,*2,*1
#872,Snom,0.3 m,3.8 kg,Ice,Bug,White,Frosmoth,*1,*4,*1,*1,*0.5,*0.5,*1,*1,*0.5,*2,*1,*1,*4,*1,*1,*1,*2,*1
#870,Falinks,3.0 m,62.0 kg,Fighting,Unknown,Yellow,Final,*1,*1,*1,*1,*1,*1,*1,*1,*1,*2,*2,*0.5,*0.5,*1,*1,*0.5,*1,*2
#864,Cursola,1.0 m,0.4 kg,Ghost,Unknown,White,Final,*0,*1,*1,*1,*1,*1,*0,*0.5,*1,*1,*1,*0.5,*1,*2,*1,*2,*1,*1
#868,Milcery,0.2 m,0.3 kg,Fairy,Unknown,White,Final,*1,*1,*1,*1,*1,*1,*0.5,*2,*1,*1,*1,*0.5,*1,*1,*0,*0.5,*2,*1
#861,Grimmsnarl,1.5 m,61.0 kg,Dark,Fairy,Purple,Final,*1,*1,*1,*1,*1,*1,*1,*2,*1,*1,*0,*1,*1,*0.5,*0,*0.25,*2,*2
#867,Runerigus,1.6 m,66.6 kg,Ground,Ghost,Gray,Final,*0,*1,*2,*0,*2,*2,*0,*0.25,*1,*1,*1,*0.5,*0.5,*2,*1,*2,*1,*1
#866,Mr. Rime,1.5 m,58.2 kg,Ice,Psychic,Purple,Final,*1,*2,*1,*1,*1,*0.5,*1,*1,*1,*1,*0.5,*2,*2,*2,*1,*2,*2,*1
#863,Perrserker,0.8 m,28.0 kg,Steel,Unknown,Brown,Final,*0.5,*2,*1,*1,*0.5,*0.5,*2,*0,*2,*0.5,*0.5,*0.5,*0.5,*1,*0.5,*1,*0.5,*0.5
#865,Sirfetch'd,0.8 m,117.0 kg,Fighting,Unknown,White,Final,*1,*1,*1,*1,*1,*1,*1,*1,*1,*2,*2,*0.5,*0.5,*1,*1,*0.5,*1,*2
#862,Obstagoon,1.6 m,46.0 kg,Dark,Normal,Gray,Final,*1,*1,*1,*1,*1,*1,*4,*1,*1,*1,*0,*2,*1,*0,*1,*0.5,*1,*2
#860,Morgrem,0.8 m,12.5 kg,Dark,Fairy,Pink,Grimmsnarl,*1,*1,*1,*1,*1,*1,*1,*2,*1,*1,*0,*1,*1,*0.5,*0,*0.25,*2,*2
#859,Impidimp,0.4 m,5.5 kg,Dark,Fairy,Pink,Morgrem,*1,*1,*1,*1,*1,*1,*1,*2,*1,*1,*0,*1,*1,*0.5,*0,*0.25,*2,*2
#858,Hatterene,2.1 m,5.1 kg,Psychic,Fairy,Pink,Final,*1,*1,*1,*1,*1,*1,*0.25,*2,*1,*1,*0.5,*1,*1,*2,*0,*1,*2,*1
#857,Hattrem,0.6 m,4.8 kg,Psychic,Unknown,Pink,Hatterene,*1,*1,*1,*1,*1,*1,*0.5,*1,*1,*1,*0.5,*2,*1,*2,*1,*2,*1,*1
#855,Polteageist,0.2 m,0.4 kg,Ghost,Unknown,Purple,Final,*0,*1,*1,*1,*1,*1,*0,*0.5,*1,*1,*1,*0.5,*1,*2,*1,*2,*1,*1
#856,Hatenna,0.4 m,3.4 kg,Psychic,Unknown,Pink,Hattrem,*1,*1,*1,*1,*1,*1,*0.5,*1,*1,*1,*0.5,*2,*1,*2,*1,*2,*1,*1
#854,Sinistea,0.1 m,0.2 kg,Ghost,Unknown,Purple,Polteageist,*0,*1,*1,*1,*1,*1,*0,*0.5,*1,*1,*1,*0.5,*1,*2,*1,*2,*1,*1
#853,Grapploct,1.6 m,39.0 kg,Fighting,Unknown,Blue,Final,*1,*1,*1,*1,*1,*1,*1,*1,*1,*2,*2,*0.5,*0.5,*1,*1,*0.5,*1,*2
#851,Centiskorch,3.0 m,120.0 kg,Fire,Bug,Red,Final,*1,*1,*2,*1,*0.25,*0.5,*0.5,*1,*1,*2,*1,*0.5,*4,*1,*1,*1,*0.5,*0.5
#850,Sizzlipede,0.7 m,1.0 kg,Fire,Bug,Red,Centiskorch,*1,*1,*2,*1,*0.25,*0.5,*0.5,*1,*1,*2,*1,*0.5,*4,*1,*1,*1,*0.5,*0.5
#848,Toxel,0.4 m,11.0 kg,Electric,Poison,Purple,Toxtricity,*1,*1,*1,*0.5,*0.5,*1,*0.5,*0.5,*4,*0.5,*2,*0.5,*1,*1,*1,*1,*0.5,*0.5
#846,Arrokuda,0.5 m,1.0 kg,Water,Unknown,Brown,Barraskewda,*1,*0.5,*0.5,*2,*2,*0.5,*1,*1,*1,*1,*1,*1,*1,*1,*1,*1,*0.5,*1
#845,Cramorant,0.8 m,18.0 kg,Flying,Water,Blue,Final,*1,*0.5,*0.5,*4,*1,*1,*0.5,*1,*0,*1,*1,*0.5,*2,*1,*1,*1,*0.5,*1
#849,Toxtricity,1.6 m,40.0 kg,Electric,Poison,Purple,Final,*1,*1,*1,*0.5,*0.5,*1,*0.5,*0.5,*4,*0.5,*2,*0.5,*1,*1,*1,*1,*0.5,*0.5
#852,Clobbopus,0.6 m,4.0 kg,Fighting,Unknown,Brown,Grapploct,*1,*1,*1,*1,*1,*1,*1,*1,*1,*2,*2,*0.5,*0.5,*1,*1,*0.5,*1,*2
#844,Sandaconda,3.8 m,65.5 kg,Ground,Unknown,Green,Final,*1,*1,*2,*0,*2,*2,*1,*0.5,*1,*1,*1,*1,*0.5,*1,*1,*1,*1,*1
#843,Silicobra,2.2 m,7.6 kg,Ground,Unknown,Green,Sandaconda,*1,*1,*2,*0,*2,*2,*1,*0.5,*1,*1,*1,*1,*0.5,*1,*1,*1,*1,*1
#839,Coalossal,2.8 m,310.5 kg,Rock,Fire,Black,Final,*0.5,*0.25,*4,*1,*1,*0.5,*2,*0.5,*4,*0.5,*1,*0.5,*2,*1,*1,*1,*1,*0.5
#842,Appletun,0.4 m,13.0 kg,Grass,Dragon,Green,Final,*1,*1,*0.25,*0.25,*0.25,*4,*1,*2,*0.5,*2,*1,*2,*1,*1,*2,*1,*1,*2
#847,Barraskewda,1.3 m,30.0 kg,Water,Unknown,Brown,Final,*1,*0.5,*0.5,*2,*2,*0.5,*1,*1,*1,*1,*1,*1,*1,*1,*1,*1,*0.5,*1
#840,Applin,0.2 m,0.5 kg,Grass,Dragon,Green,Appletun;Flapple,*1,*1,*0.25,*0.25,*0.25,*4,*1,*2,*0.5,*2,*1,*2,*1,*1,*2,*1,*1,*2
#838,Carkol,1.1 m,78.0 kg,Rock,Fire,Black,Coalossal,*0.5,*0.25,*4,*1,*1,*0.5,*2,*0.5,*4,*0.5,*1,*0.5,*2,*1,*1,*1,*1,*0.5
#841,Flapple,0.3 m,1.0 kg,Grass,Dragon,Green,Final,*1,*1,*0.25,*0.25,*0.25,*4,*1,*2,*0.5,*2,*1,*2,*1,*1,*2,*1,*1,*2
#837,Rolycoly,0.3 m,12.0 kg,Rock,Unknown,Black,Carkol,*0.5,*0.5,*2,*1,*2,*1,*2,*0.5,*2,*0.5,*1,*1,*1,*1,*1,*1,*2,*1
#833,Chewtle,0.3 m,8.5 kg,Water,Unknown,Green,Drednaw,*1,*0.5,*0.5,*2,*2,*0.5,*1,*1,*1,*1,*1,*1,*1,*1,*1,*1,*0.5,*1
#834,Drednaw,1.0 m,115.5 kg,Water,Rock,Green,Final,*0.5,*0.25,*1,*2,*4,*0.5,*2,*0.5,*2,*0.5,*1,*1,*1,*1,*1,*1,*1,*1
#832,Dubwool,1.3 m,43.0 kg,Normal,Unknown,White,Final,*1,*1,*1,*1,*1,*1,*2,*1,*1,*1,*1,*1,*1,*0,*1,*1,*1,*1
#831,Wooloo,0.6 m,6.0 kg,Normal,Unknown,White,Dubwool,*1,*1,*1,*1,*1,*1,*2,*1,*1,*1,*1,*1,*1,*0,*1,*1,*1,*1
#829,Gossifleur,0.4 m,2.2 kg,Grass,Unknown,Green,Eldegoss,*1,*2,*0.5,*0.5,*0.5,*2,*1,*2,*0.5,*2,*1,*2,*1,*1,*1,*1,*1,*1
#836,Boltund,1.0 m,34.0 kg,Electric,Unknown,Yellow,Final,*1,*1,*1,*0.5,*1,*1,*1,*1,*2,*0.5,*1,*1,*1,*1,*1,*1,*0.5,*1
#835,Yamper,0.3 m,13.5 kg,Electric,Unknown,Yellow,Boltund,*1,*1,*1,*0.5,*1,*1,*1,*1,*2,*0.5,*1,*1,*1,*1,*1,*1,*0.5,*1
#828,Thievul,1.2 m,19.9 kg,Dark,Unknown,Brown,Final,*1,*1,*1,*1,*1,*1,*2,*1,*1,*1,*0,*2,*1,*0.5,*1,*0.5,*1,*2
#827,Nickit,0.6 m,8.9 kg,Dark,Unknown,Brown,Thievul,*1,*1,*1,*1,*1,*1,*2,*1,*1,*1,*0,*2,*1,*0.5,*1,*0.5,*1,*2
#830,Eldegoss,0.5 m,2.5 kg,Grass,Unknown,Green,Final,*1,*2,*0.5,*0.5,*0.5,*2,*1,*2,*0.5,*2,*1,*2,*1,*1,*1,*1,*1,*1
#826,Orbeetle,0.4 m,40.8 kg,Bug,Psychic,Red,Final,*1,*2,*1,*1,*0.5,*1,*0.25,*1,*0.5,*2,*0.5,*2,*2,*2,*1,*2,*1,*1
#825,Dottler,0.4 m,19.5 kg,Bug,Psychic,Yellow,Orbeetle,*1,*2,*1,*1,*0.5,*1,*0.25,*1,*0.5,*2,*0.5,*2,*2,*2,*1,*2,*1,*1
#824,Blipbug,0.4 m,8.0 kg,Bug,Unknown,Blue,Dottler,*1,*2,*1,*1,*0.5,*1,*0.5,*1,*0.5,*2,*1,*1,*2,*1,*1,*1,*1,*1
#823,Corviknight,2.2 m,75.0 kg,Flying,Steel,Purple,Final,*0.5,*2,*1,*2,*0.25,*1,*1,*0,*0,*0.5,*0.5,*0.25,*1,*1,*0.5,*1,*0.5,*0.5
#822,Corvisquire,0.8 m,16.0 kg,Flying,Unknown,Blue,Corviknight,*1,*1,*1,*2,*0.5,*2,*0.5,*1,*0,*1,*1,*0.5,*2,*1,*1,*1,*1,*1
#820,Greedent,0.6 m,6.0 kg,Normal,Unknown,Brown,Final,*1,*1,*1,*1,*1,*1,*2,*1,*1,*1,*1,*1,*1,*0,*1,*1,*1,*1
#819,Skwovet,0.3 m,2.5 kg,Normal,Unknown,Brown,Greedent,*1,*1,*1,*1,*1,*1,*2,*1,*1,*1,*1,*1,*1,*0,*1,*1,*1,*1
#821,Rookidee,0.2 m,1.8 kg,Flying,Unknown,Blue,Corvisquire,*1,*1,*1,*2,*0.5,*2,*0.5,*1,*0,*1,*1,*0.5,*2,*1,*1,*1,*1,*1
#818,Inteleon,1.9 m,45.2 kg,Water,Unknown,Blue,Final,*1,*0.5,*0.5,*2,*2,*0.5,*1,*1,*1,*1,*1,*1,*1,*1,*1,*1,*0.5,*1
#816,Sobble,0.3 m,4.0 kg,Water,Unknown,Blue,Drizzile,*1,*0.5,*0.5,*2,*2,*0.5,*1,*1,*1,*1,*1,*1,*1,*1,*1,*1,*0.5,*1
#815,Cinderace,1.4 m,33.0 kg,Fire,Unknown,White,Final,*1,*0.5,*2,*1,*0.5,*0.5,*1,*1,*2,*1,*1,*0.5,*2,*1,*1,*1,*0.5,*0.5
#814,Raboot,0.6 m,9.0 kg,Fire,Unknown,Gray,Cinderace,*1,*0.5,*2,*1,*0.5,*0.5,*1,*1,*2,*1,*1,*0.5,*2,*1,*1,*1,*0.5,*0.5
#813,Scorbunny,0.3 m,4.5 kg,Fire,Unknown,White,Raboot,*1,*0.5,*2,*1,*0.5,*0.5,*1,*1,*2,*1,*1,*0.5,*2,*1,*1,*1,*0.5,*0.5
#817,Drizzile,0.7 m,11.5 kg,Water,Unknown,Blue,Inteleon,*1,*0.5,*0.5,*2,*2,*0.5,*1,*1,*1,*1,*1,*1,*1,*1,*1,*1,*0.5,*1
#812,Rillaboom,2.1 m,90.0 kg,Grass,Unknown,Green,Final,*1,*2,*0.5,*0.5,*0.5,*2,*1,*2,*0.5,*2,*1,*2,*1,*1,*1,*1,*1,*1
#811,Thwackey,0.7 m,14.0 kg,Grass,Unknown,Green,Rillaboom,*1,*2,*0.5,*0.5,*0.5,*2,*1,*2,*0.5,*2,*1,*2,*1,*1,*1,*1,*1,*1
#810,Grookey,0.3 m,5.0 kg,Grass,Unknown,Green,Thwackey,*1,*2,*0.5,*0.5,*0.5,*2,*1,*2,*0.5,*2,*1,*2,*1,*1,*1,*1,*1,*1
#805,Stakataka,5.5 m,820.0 kg,Rock,Steel,Gray,Final,*0.25,*1,*2,*1,*1,*0.5,*4,*0,*4,*0.25,*0.5,*0.5,*0.5,*1,*0.5,*1,*1,*0.5
#809,Melmetal,2.5 m,800.0 kg,Steel,Unknown,Gray,Final,*0.5,*2,*1,*1,*0.5,*0.5,*2,*0,*2,*0.5,*0.5,*0.5,*0.5,*1,*0.5,*1,*0.5,*0.5
#808,Meltan,0.2 m,8.0 kg,Steel,Unknown,Gray,Final,*0.5,*2,*1,*1,*0.5,*0.5,*2,*0,*2,*0.5,*0.5,*0.5,*0.5,*1,*0.5,*1,*0.5,*0.5
#807,Zeraora,1.5 m,44.5 kg,Electric,Unknown,Yellow,Final,*1,*1,*1,*0.5,*1,*1,*1,*1,*2,*0.5,*1,*1,*1,*1,*1,*1,*0.5,*1
#806,Blacephalon,1.8 m,13.0 kg,Fire,Ghost,White,Final,*0,*0.5,*2,*1,*0.5,*0.5,*0,*0.5,*2,*1,*1,*0.25,*2,*2,*1,*2,*0.5,*0.5
#803,Poipole,0.6 m,1.8 kg,Poison,Unknown,Purple,Naganadel,*1,*1,*1,*1,*0.5,*1,*0.5,*0.5,*2,*1,*2,*0.5,*1,*1,*1,*1,*1,*0.5
#802,Marshadow,0.7 m,22.2 kg,Fighting,Ghost,Gray,Final,*0,*1,*1,*1,*1,*1,*0,*0.5,*1,*2,*2,*0.25,*0.5,*2,*1,*1,*1,*2
#798,Kartana,0.3 m,0.1 kg,Grass,Steel,White,Final,*0.5,*4,*0.5,*0.5,*0.25,*1,*2,*0,*1,*1,*0.5,*1,*0.5,*1,*0.5,*1,*0.5,*0.5
#796,Xurkitree,3.8 m,100.0 kg,Electric,Unknown,Black,Final,*1,*1,*1,*0.5,*1,*1,*1,*1,*2,*0.5,*1,*1,*1,*1,*1,*1,*0.5,*1
#800,Necrozma,2.4 m,230.0 kg,Psychic,Unknown,Black,Final,*1,*1,*1,*1,*1,*1,*0.5,*1,*1,*1,*0.5,*2,*1,*2,*1,*2,*1,*1
#799,Guzzlord,5.5 m,888.0 kg,Dark,Dragon,Black,Final,*1,*0.5,*0.5,*0.5,*0.5,*2,*2,*1,*1,*1,*0,*2,*1,*0.5,*2,*0.5,*1,*4
#801,Magearna,1.0 m,80.5 kg,Steel,Fairy,Gray,Final,*0.5,*2,*1,*1,*0.5,*0.5,*1,*0,*2,*0.5,*0.5,*0.25,*0.5,*1,*0,*0.5,*1,*0.5
#797,Celesteela,9.2 m,999.9 kg,Steel,Flying,Green,Final,*0.5,*2,*1,*2,*0.25,*1,*1,*0,*0,*0.5,*0.5,*0.25,*1,*1,*0.5,*1,*0.5,*0.5
#795,Pheromosa,1.8 m,25.0 kg,Bug,Fighting,White,Final,*1,*2,*1,*1,*0.5,*1,*0.5,*1,*0.5,*4,*2,*0.5,*1,*1,*1,*0.5,*1,*2
#794,Buzzwole,2.4 m,333.6 kg,Bug,Fighting,Red,Final,*1,*2,*1,*1,*0.5,*1,*0.5,*1,*0.5,*4,*2,*0.5,*1,*1,*1,*0.5,*1,*2
#793,Nihilego,1.2 m,55.5 kg,Rock,Poison,White,Final,*0.5,*0.5,*2,*1,*1,*1,*1,*0.25,*4,*0.5,*2,*0.5,*1,*1,*1,*1,*2,*0.5
#792,Lunala,4.0 m,120.0 kg,Psychic,Ghost,Purple,Shield,*0,*1,*1,*1,*1,*1,*0,*0.5,*1,*1,*0.5,*1,*1,*4,*1,*4,*1,*1
#790,Cosmoem,0.1 m,999.9 kg,Psychic,Unknown,Blue,Lunala,*1,*1,*1,*1,*1,*1,*0.5,*1,*1,*1,*0.5,*2,*1,*2,*1,*2,*1,*1
#788,Tapu Fini,1.3 m,21.2 kg,Water,Fairy,Purple,Final,*1,*0.5,*0.5,*2,*2,*0.5,*0.5,*2,*1,*1,*1,*0.5,*1,*1,*0,*0.5,*1,*1
#791,Solgaleo,3.4 m,230.0 kg,Psychic,Steel,White,Sword,*0.5,*2,*1,*1,*0.5,*0.5,*1,*0,*2,*0.5,*0.25,*1,*0.5,*2,*0.5,*2,*0.5,*0.5
#786,Tapu Lele,1.2 m,18.6 kg,Psychic,Fairy,Pink,Final,*1,*1,*1,*1,*1,*1,*0.25,*2,*1,*1,*0.5,*1,*1,*2,*0,*1,*2,*1
#789,Cosmog,0.2 m,0.1 kg,Psychic,Unknown,Blue,Cosmoem,*1,*1,*1,*1,*1,*1,*0.5,*1,*1,*1,*0.5,*2,*1,*2,*1,*2,*1,*1
#785,Tapu Koko,1.8 m,20.5 kg,Electric,Fairy,Yellow,Final,*1,*1,*1,*0.5,*1,*1,*0.5,*2,*2,*0.5,*1,*0.5,*1,*1,*0,*0.5,*1,*1
#784,Kommo-o,1.6 m,78.2 kg,Dragon,Fighting,Gray,Final,*1,*0.5,*0.5,*0.5,*0.5,*2,*1,*1,*1,*2,*2,*0.5,*0.5,*1,*2,*0.5,*1,*4
#787,Tapu Bulu,1.9 m,45.5 kg,Grass,Fairy,Red,Final,*1,*2,*0.5,*0.5,*0.5,*2,*0.5,*4,*0.5,*2,*1,*1,*1,*1,*0,*0.5,*2,*1
#783,Hakamo-o,1.2 m,47.0 kg,Dragon,Fighting,Gray,Kommo-o,*1,*0.5,*0.5,*0.5,*0.5,*2,*1,*1,*1,*2,*2,*0.5,*0.5,*1,*2,*0.5,*1,*4
#782,Jangmo-o,0.6 m,29.7 kg,Dragon,Unknown,Gray,Hakamo-o,*1,*0.5,*0.5,*0.5,*0.5,*2,*1,*1,*1,*1,*1,*1,*1,*1,*2,*1,*1,*2
#781,Dhelmise,3.9 m,210.0 kg,Ghost,Grass,Green,Final,*0,*2,*0.5,*0.5,*0.5,*2,*0,*1,*0.5,*2,*1,*1,*1,*2,*1,*2,*1,*1
#779,Bruxish,0.9 m,19.0 kg,Water,Psychic,Pink,Final,,,,,,,,,,,,,,,,,,
#778,Mimikyu,0.2 m,0.7 kg,Ghost,Fairy,Yellow,Final,*0,*1,*1,*1,*1,*1,*0,*1,*1,*1,*1,*0.25,*1,*2,*0,*1,*2,*1
#780,Drampa,3.0 m,185.0 kg,Normal,Dragon,White,Final,*1,*0.5,*0.5,*0.5,*0.5,*2,*2,*1,*1,*1,*1,*1,*1,*0,*2,*1,*1,*2
#775,Komala,0.4 m,19.9 kg,Normal,Unknown,Blue,Final,,,,,,,,,,,,,,,,,,
#774,Minior,0.3 m,40.0 kg,Rock,Flying,Brown,Final,,,,,,,,,,,,,,,,,,
#776,Turtonator,2.0 m,212.0 kg,Fire,Dragon,Red,Final,*1,*0.25,*1,*0.5,*0.25,*1,*1,*1,*2,*1,*1,*0.5,*2,*1,*2,*1,*0.5,*1
#777,Togedemaru,0.3 m,3.3 kg,Electric,Steel,Gray,Final,*0.5,*2,*1,*0.5,*0.5,*0.5,*2,*0,*4,*0.25,*0.5,*0.5,*0.5,*1,*0.5,*1,*0.25,*0.5
#773,Silvally,2.3 m,100.5 kg,Normal,Unknown,Gray,Final,*1,*1,*1,*1,*1,*1,*2,*1,*1,*1,*1,*1,*1,*0,*1,*1,*1,*1
#772,Type: Null,1.9 m,120.5 kg,Normal,Unknown,Gray,Silvally,*1,*1,*1,*1,*1,*1,*2,*1,*1,*1,*1,*1,*1,*0,*1,*1,*1,*1
#771,Pyukumuku,0.3 m,1.2 kg,Water,Unknown,Black,Final,*1,*0.5,*0.5,*2,*2,*0.5,*1,*1,*1,*1,*1,*1,*1,*1,*1,*1,*0.5,*1
#770,Palossand,1.3 m,250.0 kg,Ghost,Ground,Brown,Final,*0,*1,*2,*0,*2,*2,*0,*0.25,*1,*1,*1,*0.5,*0.5,*2,*1,*2,*1,*1
#768,Golisopod,2.0 m,108.0 kg,Bug,Water,Gray,Final,*1,*1,*0.5,*2,*1,*0.5,*0.5,*1,*0.5,*2,*1,*1,*2,*1,*1,*1,*0.5,*1
#769,Sandygast,0.5 m,70.0 kg,Ghost,Ground,Brown,Palossand,*0,*1,*2,*0,*2,*2,*0,*0.25,*1,*1,*1,*0.5,*0.5,*2,*1,*2,*1,*1
#767,Wimpod,0.5 m,12.0 kg,Bug,Water,Gray,Golisopod,*1,*1,*0.5,*2,*1,*0.5,*0.5,*1,*0.5,*2,*1,*1,*2,*1,*1,*1,*0.5,*1
#766,Passimian,2.0 m,82.8 kg,Fighting,Unknown,White,Final,*1,*1,*1,*1,*1,*1,*1,*1,*1,*2,*2,*0.5,*0.5,*1,*1,*0.5,*1,*2
#765,Oranguru,1.5 m,76.0 kg,Normal,Psychic,White,Final,*1,*1,*1,*1,*1,*1,*1,*1,*1,*1,*0.5,*2,*1,*0,*1,*2,*1,*1
#763,Tsareena,1.2 m,21.4 kg,Grass,Unknown,Purple,Final,*1,*2,*0.5,*0.5,*0.5,*2,*1,*2,*0.5,*2,*1,*2,*1,*1,*1,*1,*1,*1
#764,Comfey,0.1 m,0.3 kg,Fairy,Unknown,Green,Final,*1,*1,*1,*1,*1,*1,*0.5,*2,*1,*1,*1,*0.5,*1,*1,*0,*0.5,*2,*1
#762,Steenee,0.7 m,8.2 kg,Grass,Unknown,Purple,Tsareena,*1,*2,*0.5,*0.5,*0.5,*2,*1,*2,*0.5,*2,*1,*2,*1,*1,*1,*1,*1,*1
#761,Bounsweet,0.3 m,3.2 kg,Grass,Unknown,Purple,Steenee,*1,*2,*0.5,*0.5,*0.5,*2,*1,*2,*0.5,*2,*1,*2,*1,*1,*1,*1,*1,*1
#759,Stufful,0.5 m,6.8 kg,Normal,Fighting,Pink,Bewear,*1,*1,*1,*1,*1,*1,*2,*1,*1,*2,*2,*0.5,*0.5,*0,*1,*0.5,*1,*2
#757,Salandit,0.6 m,4.8 kg,Poison,Fire,Black,Salazzle,*1,*0.5,*2,*1,*0.25,*0.5,*0.5,*0.5,*4,*1,*2,*0.25,*2,*1,*1,*1,*0.5,*0.25
#755,Morelull,0.2 m,1.5 kg,Grass,Fairy,Purple,Shiinotic,*1,*2,*0.5,*0.5,*0.5,*2,*0.5,*4,*0.5,*2,*1,*1,*1,*1,*0,*0.5,*2,*1
#756,Shiinotic,1.0 m,11.5 kg,Grass,Fairy,Purple,Final,*1,*2,*0.5,*0.5,*0.5,*2,*0.5,*4,*0.5,*2,*1,*1,*1,*1,*0,*0.5,*2,*1
#760,Bewear,2.1 m,135.0 kg,Normal,Fighting,Pink,Final,*1,*1,*1,*1,*1,*1,*2,*1,*1,*2,*2,*0.5,*0.5,*0,*1,*0.5,*1,*2
#758,Salazzle,1.2 m,22.2 kg,Poison,Fire,Black,Salazzle,*1,*0.5,*2,*1,*0.25,*0.5,*0.5,*0.5,*4,*1,*2,*0.25,*2,*1,*1,*1,*0.5,*0.25
#754,Lurantis,0.9 m,18.5 kg,Grass,Unknown,Pink,Final,*1,*2,*0.5,*0.5,*0.5,*2,*1,*2,*0.5,*2,*1,*2,*1,*1,*1,*1,*1,*1
#753,Fomantis,0.3 m,1.5 kg,Grass,Unknown,Pink,Lurantis,*1,*2,*0.5,*0.5,*0.5,*2,*1,*2,*0.5,*2,*1,*2,*1,*1,*1,*1,*1,*1
#752,Araquanid,1.8 m,82.0 kg,Water,Bug,Green,Final,*1,*1,*0.5,*2,*1,*0.5,*0.5,*1,*0.5,*2,*1,*1,*2,*1,*1,*1,*0.5,*1
#750,Mudsdale,2.5 m,920.0 kg,Ground,Unknown,Brown,Final,*1,*1,*2,*0,*2,*2,*1,*0.5,*1,*1,*1,*1,*0.5,*1,*1,*1,*1,*1
#748,Toxapex,0.7 m,14.5 kg,Poison,Water,Blue,Final,*1,*0.5,*0.5,*2,*1,*0.5,*0.5,*0.5,*2,*1,*2,*0.5,*1,*1,*1,*1,*0.5,*0.5
#747,Mareanie,0.4 m,8.0 kg,Poison,Water,Blue,Toxapex,*1,*0.5,*0.5,*2,*1,*0.5,*0.5,*0.5,*2,*1,*2,*0.5,*1,*1,*1,*1,*0.5,*0.5
#751,Dewpider,0.3 m,4.0 kg,Water,Bug,Green,Araquanid,*1,*1,*0.5,*2,*1,*0.5,*0.5,*1,*0.5,*2,*1,*1,*2,*1,*1,*1,*0.5,*1
#746,Wishiwashi,0.2 m,0.3 kg,Water,Unknown,Blue,Final,*1,*0.5,*0.5,*2,*2,*0.5,*1,*1,*1,*1,*1,*1,*1,*1,*1,*1,*0.5,*1
#745,Lycanroc,0.8 m,25.0 kg,Rock,Unknown,Brown,Midnight Form Lycanroc;Dusk Form Lycanroc;Midday Form Lycanroc,*0.5,*0.5,*2,*1,*2,*1,*2,*0.5,*2,*0.5,*1,*1,*1,*1,*1,*1,*2,*1
#749,Mudbray,1.0 m,110.0 kg,Ground,Unknown,Brown,Mudsdale,*1,*1,*2,*0,*2,*2,*1,*0.5,*1,*1,*1,*1,*0.5,*1,*1,*1,*1,*1
#744,Rockruff,0.5 m,9.2 kg,Rock,Unknown,Brown,Dusk Form Lycanroc;Lycanroc;Midnight Form Lycanroc;Midday Form Lycanroc,*0.5,*0.5,*2,*1,*2,*1,*2,*0.5,*2,*0.5,*1,*1,*1,*1,*1,*1,*2,*1
#743,Ribombee,0.2 m,0.5 kg,Bug,Fairy,Yellow,Final,*1,*2,*1,*1,*0.5,*1,*0.25,*2,*0.5,*2,*1,*0.5,*2,*1,*0,*0.5,*2,*1
#742,Cutiefly,0.1 m,0.2 kg,Bug,Fairy,Yellow,Ribombee,*1,*2,*1,*1,*0.5,*1,*0.25,*2,*0.5,*2,*1,*0.5,*2,*1,*0,*0.5,*2,*1
#741,Oricorio,0.6 m,3.4 kg,Fire,Flying,Red,Final,,,,,,,,,,,,,,,,,,
#740,Crabominable,1.7 m,180.0 kg,Fighting,Ice,White,Final,,,,,,,,,,,,,,,,,,
#739,Crabrawler,0.6 m,7.0 kg,Fighting,Unknown,Purple,Crabominable,,,,,,,,,,,,,,,,,,
#738,Vikavolt,1.5 m,45.0 kg,Bug,Electric,Blue,Final,*1,*2,*1,*0.5,*0.5,*1,*0.5,*1,*1,*1,*1,*1,*2,*1,*1,*1,*0.5,*1
#737,Charjabug,0.5 m,10.5 kg,Bug,Electric,Green,Vikavolt,*1,*2,*1,*0.5,*0.5,*1,*0.5,*1,*1,*1,*1,*1,*2,*1,*1,*1,*0.5,*1
#736,Grubbin,0.4 m,4.4 kg,Bug,Unknown,Gray,Charjabug,*1,*2,*1,*1,*0.5,*1,*0.5,*1,*0.5,*2,*1,*1,*2,*1,*1,*1,*1,*1
#734,Yungoos,0.4 m,6.0 kg,Normal,Unknown,Brown,Gumshoos,,,,,,,,,,,,,,,,,,
#732,Trumbeak,0.6 m,14.8 kg,Normal,Flying,Black,Toucannon,,,,,,,,,,,,,,,,,,
#735,Gumshoos,0.7 m,14.2 kg,Normal,Unknown,Brown,Final,,,,,,,,,,,,,,,,,,
#733,Toucannon,1.1 m,26.0 kg,Normal,Flying,Black,Final,,,,,,,,,,,,,,,,,,
#731,Pikipek,0.3 m,1.2 kg,Normal,Flying,Black,Trumbeak,,,,,,,,,,,,,,,,,,
#730,Primarina,1.8 m,44.0 kg,Water,Fairy,Blue,Final,*1,*0.5,*0.5,*2,*2,*0.5,*0.5,*2,*1,*1,*1,*0.5,*1,*1,*0,*0.5,*1,*1
#729,Brionne,0.6 m,17.5 kg,Water,Unknown,Blue,Primarina,*1,*0.5,*0.5,*2,*2,*0.5,*1,*1,*1,*1,*1,*1,*1,*1,*1,*1,*0.5,*1
#728,Popplio,0.4 m,7.5 kg,Water,Unknown,Blue,Brionne,*1,*0.5,*0.5,*2,*2,*0.5,*1,*1,*1,*1,*1,*1,*1,*1,*1,*1,*0.5,*1
#725,Litten,0.4 m,4.3 kg,Fire,Unknown,Red,Torracat,*1,*0.5,*2,*1,*0.5,*0.5,*1,*1,*2,*1,*1,*0.5,*2,*1,*1,*1,*0.5,*0.5
#727,Incineroar,1.8 m,83.0 kg,Fire,Dark,Red,Final,*1,*0.5,*2,*1,*0.5,*0.5,*2,*1,*2,*1,*0,*1,*2,*0.5,*1,*0.5,*0.5,*1
#724,Decidueye,1.6 m,36.6 kg,Grass,Ghost,Brown,Final,*0,*2,*0.5,*0.5,*0.5,*2,*0,*1,*0.5,*2,*1,*1,*1,*2,*1,*2,*1,*1
#726,Torracat,0.7 m,25.0 kg,Fire,Unknown,Red,Incineroar,*1,*0.5,*2,*1,*0.5,*0.5,*1,*1,*2,*1,*1,*0.5,*2,*1,*1,*1,*0.5,*0.5
#723,Dartrix,0.7 m,16.0 kg,Grass,Flying,Brown,Decidueye,*1,*2,*0.5,*1,*0.25,*4,*0.5,*2,*0,*2,*1,*1,*2,*1,*1,*1,*1,*1
#722,Rowlet,0.3 m,1.5 kg,Grass,Flying,Brown,Dartrix,*1,*2,*0.5,*1,*0.25,*4,*0.5,*2,*0,*2,*1,*1,*2,*1,*1,*1,*1,*1
#721,Volcanion,1.7 m,195.0 kg,Fire,Water,Brown,Final,*1,*0.25,*1,*2,*1,*0.25,*1,*1,*2,*1,*1,*0.5,*2,*1,*1,*1,*0.25,*0.5
#720,Hoopa,0.5 m,9.0 kg,Psychic,Ghost,Purple,Final,,,,,,,,,,,,,,,,,,
#719,Diancie,0.7 m,8.8 kg,Rock,Fairy,Pink,Final,*0.5,*0.5,*2,*1,*2,*1,*1,*1,*2,*0.5,*1,*0.5,*1,*1,*0,*0.5,*4,*1
#714,Noibat,0.5 m,8.0 kg,Flying,Dragon,Purple,Noivern,*1,*0.5,*0.5,*1,*0.25,*4,*0.5,*1,*0,*1,*1,*0.5,*2,*1,*2,*1,*1,*2
#713,Avalugg,2.0 m,505.0 kg,Ice,Unknown,Blue,Final,*1,*2,*1,*1,*1,*0.5,*2,*1,*1,*1,*1,*1,*2,*1,*1,*1,*2,*1
#718,Zygarde,5.0 m,305.0 kg,Dragon,Ground,Green,Final,*1,*0.5,*1,*0,*1,*4,*1,*0.5,*1,*1,*1,*1,*0.5,*1,*2,*1,*1,*2
#717,Yveltal,5.8 m,203.0 kg,Dark,Flying,Red,Final,*1,*1,*1,*2,*0.5,*2,*1,*1,*0,*1,*0,*1,*2,*0.5,*1,*0.5,*1,*2
#712,Bergmite,1.0 m,99.5 kg,Ice,Unknown,Blue,Avalugg,*1,*2,*1,*1,*1,*0.5,*2,*1,*1,*1,*1,*1,*2,*1,*1,*1,*2,*1
#716,Xerneas,3.0 m,215.0 kg,Fairy,Unknown,Blue,Final,*1,*1,*1,*1,*1,*1,*0.5,*2,*1,*1,*1,*0.5,*1,*1,*0,*0.5,*2,*1
#715,Noivern,1.5 m,85.0 kg,Flying,Dragon,Purple,Final,*1,*0.5,*0.5,*1,*0.25,*4,*0.5,*1,*0,*1,*1,*0.5,*2,*1,*2,*1,*1,*2
#711,Gourgeist,0.7 m,9.5 kg,Ghost,Grass,Brown,Final,*0,*2,*0.5,*0.5,*0.5,*2,*0,*1,*0.5,*2,*1,*1,*1,*2,*1,*2,*1,*1
#710,Pumpkaboo,0.3 m,3.5 kg,Ghost,Grass,Brown,Gourgeist,*0,*2,*0.5,*0.5,*0.5,*2,*0,*1,*0.5,*2,*1,*1,*1,*2,*1,*2,*1,*1
#709,Trevenant,1.5 m,71.0 kg,Ghost,Grass,Brown,Final,*0,*2,*0.5,*0.5,*0.5,*2,*0,*1,*0.5,*2,*1,*1,*1,*2,*1,*2,*1,*1
#708,Phantump,0.4 m,7.0 kg,Ghost,Grass,Brown,Trevenant,*0,*2,*0.5,*0.5,*0.5,*2,*0,*1,*0.5,*2,*1,*1,*1,*2,*1,*2,*1,*1
#706,Goodra,2.0 m,150.5 kg,Dragon,Unknown,Purple,Final,*1,*0.5,*0.5,*0.5,*0.5,*2,*1,*1,*1,*1,*1,*1,*1,*1,*2,*1,*1,*2
#707,Klefki,0.2 m,3.0 kg,Steel,Fairy,Gray,Final,*0.5,*2,*1,*1,*0.5,*0.5,*1,*0,*2,*0.5,*0.5,*0.25,*0.5,*1,*0,*0.5,*1,*0.5
#705,Sliggoo,0.8 m,17.5 kg,Dragon,Unknown,Purple,Goodra,*1,*0.5,*0.5,*0.5,*0.5,*2,*1,*1,*1,*1,*1,*1,*1,*1,*2,*1,*1,*2
#704,Goomy,0.3 m,2.8 kg,Dragon,Unknown,Purple,Sliggoo,*1,*0.5,*0.5,*0.5,*0.5,*2,*1,*1,*1,*1,*1,*1,*1,*1,*2,*1,*1,*2
#702,Dedenne,0.2 m,2.2 kg,Electric,Fairy,Yellow,Final,*1,*1,*1,*0.5,*1,*1,*0.5,*2,*2,*0.5,*1,*0.5,*1,*1,*0,*0.5,*1,*1
#701,Hawlucha,0.8 m,21.5 kg,Fighting,Flying,Green,Final,*1,*1,*1,*2,*0.5,*2,*0.5,*1,*0,*2,*2,*0.25,*1,*1,*1,*0.5,*1,*2
#700,Sylveon,1.0 m,23.5 kg,Fairy,Unknown,Pink,Final,*1,*1,*1,*1,*1,*1,*0.5,*2,*1,*1,*1,*0.5,*1,*1,*0,*0.5,*2,*1
#698,Amaura,1.3 m,25.2 kg,Rock,Ice,Blue,Aurorus,*0.5,*1,*2,*1,*2,*0.5,*4,*0.5,*2,*0.5,*1,*1,*2,*1,*1,*1,*4,*1
#696,Tyrunt,0.8 m,26.0 kg,Rock,Dragon,Brown,Tyrantrum,*0.5,*0.25,*1,*0.5,*1,*2,*2,*0.5,*2,*0.5,*1,*1,*1,*1,*2,*1,*2,*2
#697,Tyrantrum,2.5 m,270.0 kg,Rock,Dragon,Red,Final,*0.5,*0.25,*1,*0.5,*1,*2,*2,*0.5,*2,*0.5,*1,*1,*1,*1,*2,*1,*2,*2
#703,Carbink,0.3 m,5.7 kg,Rock,Fairy,Gray,Final,*0.5,*0.5,*2,*1,*2,*1,*1,*1,*2,*0.5,*1,*0.5,*1,*1,*0,*0.5,*4,*1
#699,Aurorus,2.7 m,225.0 kg,Rock,Ice,Blue,Final,*0.5,*1,*2,*1,*2,*0.5,*4,*0.5,*2,*0.5,*1,*1,*2,*1,*1,*1,*4,*1
#689,Barbaracle,1.3 m,96.0 kg,Rock,Water,Brown,Final,*0.5,*0.25,*1,*2,*4,*0.5,*2,*0.5,*2,*0.5,*1,*1,*1,*1,*1,*1,*1,*1
#695,Heliolisk,1.0 m,21.0 kg,Electric,Normal,Yellow,Final,*1,*1,*1,*0.5,*1,*1,*2,*1,*2,*0.5,*1,*1,*1,*0,*1,*1,*0.5,*1
#694,Helioptile,0.5 m,6.0 kg,Electric,Normal,Yellow,Heliolisk,*1,*1,*1,*0.5,*1,*1,*2,*1,*2,*0.5,*1,*1,*1,*0,*1,*1,*0.5,*1
#693,Clawitzer,1.3 m,35.3 kg,Water,Unknown,Blue,Final,*1,*0.5,*0.5,*2,*2,*0.5,*1,*1,*1,*1,*1,*1,*1,*1,*1,*1,*0.5,*1
#692,Clauncher,0.5 m,8.3 kg,Water,Unknown,Blue,Clawitzer,*1,*0.5,*0.5,*2,*2,*0.5,*1,*1,*1,*1,*1,*1,*1,*1,*1,*1,*0.5,*1
#688,Binacle,0.5 m,31.0 kg,Rock,Water,Brown,Barbaracle,*0.5,*0.25,*1,*2,*4,*0.5,*2,*0.5,*2,*0.5,*1,*1,*1,*1,*1,*1,*1,*1
#690,Skrelp,0.5 m,7.3 kg,Poison,Water,Brown,Dragalge,*1,*0.5,*0.5,*2,*1,*0.5,*0.5,*0.5,*2,*1,*2,*0.5,*1,*1,*1,*1,*0.5,*0.5
#691,Dragalge,1.8 m,81.5 kg,Poison,Dragon,Brown,Final,*1,*0.5,*0.5,*0.5,*0.25,*2,*0.5,*0.5,*2,*1,*2,*0.5,*1,*1,*2,*1,*1,*1
#687,Malamar,1.5 m,47.0 kg,Dark,Psychic,Blue,Final,*1,*1,*1,*1,*1,*1,*1,*1,*1,*1,*0,*4,*1,*1,*1,*1,*1,*2
#684,Swirlix,0.4 m,3.5 kg,Fairy,Unknown,White,Slurpuff,*1,*1,*1,*1,*1,*1,*0.5,*2,*1,*1,*1,*0.5,*1,*1,*0,*0.5,*2,*1
#683,Aromatisse,0.8 m,15.5 kg,Fairy,Unknown,Pink,Final,*1,*1,*1,*1,*1,*1,*0.5,*2,*1,*1,*1,*0.5,*1,*1,*0,*0.5,*2,*1
#685,Slurpuff,0.8 m,5.0 kg,Fairy,Unknown,White,Final,*1,*1,*1,*1,*1,*1,*0.5,*2,*1,*1,*1,*0.5,*1,*1,*0,*0.5,*2,*1
#680,Doublade,0.8 m,4.5 kg,Steel,Ghost,Brown,Aegislash,*0,*2,*1,*1,*0.5,*0.5,*0,*0,*2,*0.5,*0.5,*0.25,*0.5,*2,*0.5,*2,*0.5,*0.5
#686,Inkay,0.4 m,3.5 kg,Dark,Psychic,Blue,Malamar,*1,*1,*1,*1,*1,*1,*1,*1,*1,*1,*0,*4,*1,*1,*1,*1,*1,*2
#679,Honedge,0.8 m,2.0 kg,Steel,Ghost,Brown,Doublade,*0,*2,*1,*1,*0.5,*0.5,*0,*0,*2,*0.5,*0.5,*0.25,*0.5,*2,*0.5,*2,*0.5,*0.5
#678,Meowstic,0.6 m,8.5 kg,Psychic,Unknown,Blue,Final,*1,*1,*1,*1,*1,*1,*0.5,*1,*1,*1,*0.5,*2,*1,*2,*1,*2,*1,*1
#682,Spritzee,0.2 m,0.5 kg,Fairy,Unknown,Pink,Aromatisse,*1,*1,*1,*1,*1,*1,*0.5,*2,*1,*1,*1,*0.5,*1,*1,*0,*0.5,*2,*1
#677,Espurr,0.3 m,3.5 kg,Psychic,Unknown,Gray,Meowstic,*1,*1,*1,*1,*1,*1,*0.5,*1,*1,*1,*0.5,*2,*1,*2,*1,*2,*1,*1
#676,Furfrou,1.2 m,28.0 kg,Normal,Unknown,White,Final,,,,,,,,,,,,,,,,,,
#681,Aegislash,1.7 m,53.0 kg,Steel,Ghost,Brown,Final,*0,*2,*1,*1,*0.5,*0.5,*0,*0,*2,*0.5,*0.5,*0.25,*0.5,*2,*0.5,*2,*0.5,*0.5
#673,Gogoat,1.7 m,91.0 kg,Grass,Unknown,Brown,Final,,,,,,,,,,,,,,,,,,
#674,Pancham,0.6 m,8.0 kg,Fighting,Unknown,White,Pangoro,*1,*1,*1,*1,*1,*1,*1,*1,*1,*2,*2,*0.5,*0.5,*1,*1,*0.5,*1,*2
#675,Pangoro,2.1 m,136.0 kg,Fighting,Dark,White,Final,*1,*1,*1,*1,*1,*1,*2,*1,*1,*2,*0,*1,*0.5,*0.5,*1,*0.25,*1,*4
#672,Skiddo,0.9 m,31.0 kg,Grass,Unknown,Brown,Gogoat,,,,,,,,,,,,,,,,,,
#671,Florges,1.1 m,10.0 kg,Fairy,Unknown,White,Final,,,,,,,,,,,,,,,,,,
#670,Floette,0.2 m,0.9 kg,Fairy,Unknown,White,Florges,,,,,,,,,,,,,,,,,,
#669,Flabébé,0.1 m,0.1 kg,Fairy,Unknown,White,Floette,,,,,,,,,,,,,,,,,,
#668,Pyroar,1.5 m,81.5 kg,Fire,Normal,Brown,Final,,,,,,,,,,,,,,,,,,
#667,Litleo,0.6 m,13.5 kg,Fire,Normal,Brown,Pyroar,,,,,,,,,,,,,,,,,,
#666,Vivillon,1.2 m,17.0 kg,Bug,Flying,White,Final,,,,,,,,,,,,,,,,,,
#665,Spewpa,0.3 m,8.4 kg,Bug,Unknown,Black,Vivillon,,,,,,,,,,,,,,,,,,
#664,Scatterbug,0.3 m,2.5 kg,Bug,Unknown,Black,Spewpa,,,,,,,,,,,,,,,,,,
#663,Talonflame,1.2 m,24.5 kg,Fire,Flying,Red,Final,*1,*0.5,*2,*2,*0.25,*1,*0.5,*1,*0,*1,*1,*0.25,*4,*1,*1,*1,*0.5,*0.5
#662,Fletchinder,0.7 m,16.0 kg,Fire,Flying,Red,Talonflame,*1,*0.5,*2,*2,*0.25,*1,*0.5,*1,*0,*1,*1,*0.25,*4,*1,*1,*1,*0.5,*0.5
#660,Diggersby,1.0 m,42.4 kg,Normal,Ground,Brown,Final,*1,*1,*2,*0,*2,*2,*2,*0.5,*1,*1,*1,*1,*0.5,*0,*1,*1,*1,*1
#661,Fletchling,0.3 m,1.7 kg,Normal,Flying,Red,Fletchinder,*1,*1,*1,*2,*0.5,*2,*1,*1,*0,*1,*1,*0.5,*2,*0,*1,*1,*1,*1
#659,Bunnelby,0.4 m,5.0 kg,Normal,Unknown,Brown,Diggersby,*1,*1,*1,*1,*1,*1,*2,*1,*1,*1,*1,*1,*1,*0,*1,*1,*1,*1
#658,Greninja,1.5 m,40.0 kg,Water,Dark,Blue,Final,,,,,,,,,,,,,,,,,,
#657,Frogadier,0.6 m,10.9 kg,Water,Unknown,Blue,Greninja,,,,,,,,,,,,,,,,,,
#656,Froakie,0.3 m,7.0 kg,Water,Unknown,Blue,Frogadier,,,,,,,,,,,,,,,,,,
#655,Delphox,1.5 m,39.0 kg,Fire,Psychic,Red,Final,,,,,,,,,,,,,,,,,,
#654,Braixen,1.0 m,14.5 kg,Fire,Unknown,Red,Delphox,,,,,,,,,,,,,,,,,,
#653,Fennekin,0.4 m,9.4 kg,Fire,Unknown,Red,Braixen,,,,,,,,,,,,,,,,,,
#652,Chesnaught,1.6 m,90.0 kg,Grass,Fighting,Green,Final,,,,,,,,,,,,,,,,,,
#650,Chespin,0.4 m,9.0 kg,Grass,Unknown,Green,Quilladin,,,,,,,,,,,,,,,,,,
#649,Genesect,1.5 m,82.5 kg,Bug,Steel,Purple,Final,*0.5,*4,*1,*1,*0.25,*0.5,*1,*0,*1,*1,*0.5,*0.5,*1,*1,*0.5,*1,*0.5,*0.5
#648,Meloetta,0.6 m,6.5 kg,Normal,Psychic,White,Final,,,,,,,,,,,,,,,,,,
#646,Kyurem,3.0 m,325.0 kg,Dragon,Ice,Gray,Final,*1,*1,*0.5,*0.5,*0.5,*1,*2,*1,*1,*1,*1,*1,*2,*1,*2,*1,*2,*2
#645,Landorus,1.5 m,68.0 kg,Ground,Flying,Brown,Final,*1,*1,*2,*0,*1,*4,*0.5,*0.5,*0,*1,*1,*0.5,*1,*1,*1,*1,*1,*1
#644,Zekrom,2.9 m,345.0 kg,Dragon,Electric,Black,Final,*1,*0.5,*0.5,*0.25,*0.5,*2,*1,*1,*2,*0.5,*1,*1,*1,*1,*2,*1,*0.5,*2
#651,Quilladin,0.7 m,29.0 kg,Grass,Unknown,Green,Chesnaught,,,,,,,,,,,,,,,,,,
#647,Keldeo,1.4 m,48.5 kg,Water,Fighting,Yellow,Final,*1,*0.5,*0.5,*2,*2,*0.5,*1,*1,*1,*2,*2,*0.5,*0.5,*1,*1,*0.5,*0.5,*2
#637,Volcarona,1.6 m,46.0 kg,Bug,Fire,White,Final,*1,*1,*2,*1,*0.25,*0.5,*0.5,*1,*1,*2,*1,*0.5,*4,*1,*1,*1,*0.5,*0.5
#643,Reshiram,3.2 m,330.0 kg,Dragon,Fire,White,Final,*1,*0.25,*1,*0.5,*0.25,*1,*1,*1,*2,*1,*1,*0.5,*2,*1,*2,*1,*0.5,*1
#642,Thundurus,1.5 m,61.0 kg,Electric,Flying,Blue,Final,*1,*1,*1,*1,*0.5,*2,*0.5,*1,*0,*0.5,*1,*0.5,*2,*1,*1,*1,*0.5,*1
#641,Tornadus,1.5 m,63.0 kg,Flying,Unknown,Green,Final,*1,*1,*1,*2,*0.5,*2,*0.5,*1,*0,*1,*1,*0.5,*2,*1,*1,*1,*1,*1
#640,Virizion,2.0 m,200.0 kg,Grass,Fighting,Green,Final,*1,*2,*0.5,*0.5,*0.5,*2,*1,*2,*0.5,*4,*2,*1,*0.5,*1,*1,*0.5,*1,*2
#636,Larvesta,1.1 m,28.8 kg,Bug,Fire,White,Volcarona,*1,*1,*2,*1,*0.25,*0.5,*0.5,*1,*1,*2,*1,*0.5,*4,*1,*1,*1,*0.5,*0.5
#639,Terrakion,1.9 m,260.0 kg,Rock,Fighting,Gray,Final,*0.5,*0.5,*2,*1,*2,*1,*2,*0.5,*2,*1,*2,*0.5,*0.5,*1,*1,*0.5,*2,*2
#638,Cobalion,2.1 m,250.0 kg,Steel,Fighting,Blue,Final,*0.5,*2,*1,*1,*0.5,*0.5,*2,*0,*2,*1,*1,*0.25,*0.25,*1,*0.5,*0.5,*0.5,*1
#635,Hydreigon,1.8 m,160.0 kg,Dark,Dragon,Blue,Final,*1,*0.5,*0.5,*0.5,*0.5,*2,*2,*1,*1,*1,*0,*2,*1,*0.5,*2,*0.5,*1,*4
#634,Zweilous,1.4 m,50.0 kg,Dark,Dragon,Blue,Hydreigon,*1,*0.5,*0.5,*0.5,*0.5,*2,*2,*1,*1,*1,*0,*2,*1,*0.5,*2,*0.5,*1,*4
#633,Deino,0.8 m,17.3 kg,Dark,Dragon,Blue,Zweilous,*1,*0.5,*0.5,*0.5,*0.5,*2,*2,*1,*1,*1,*0,*2,*1,*0.5,*2,*0.5,*1,*4
#632,Durant,0.3 m,33.0 kg,Bug,Steel,Gray,Final,*0.5,*4,*1,*1,*0.25,*0.5,*1,*0,*1,*1,*0.5,*0.5,*1,*1,*0.5,*1,*0.5,*0.5
#631,Heatmor,1.4 m,58.0 kg,Fire,Unknown,Red,Final,*1,*0.5,*2,*1,*0.5,*0.5,*1,*1,*2,*1,*1,*0.5,*2,*1,*1,*1,*0.5,*0.5
#630,Mandibuzz,1.2 m,39.5 kg,Dark,Flying,Brown,Final,*1,*1,*1,*2,*0.5,*2,*1,*1,*0,*1,*0,*1,*2,*0.5,*1,*0.5,*1,*2
#628,Braviary,1.5 m,41.0 kg,Normal,Flying,Red,Final,*1,*1,*1,*2,*0.5,*2,*1,*1,*0,*1,*1,*0.5,*2,*0,*1,*1,*1,*1
#629,Vullaby,0.5 m,9.0 kg,Dark,Flying,Brown,Mandibuzz,*1,*1,*1,*2,*0.5,*2,*1,*1,*0,*1,*0,*1,*2,*0.5,*1,*0.5,*1,*2
#626,Bouffalant,1.6 m,94.6 kg,Normal,Unknown,Brown,Final,*1,*1,*1,*1,*1,*1,*2,*1,*1,*1,*1,*1,*1,*0,*1,*1,*1,*1
#625,Bisharp,1.6 m,70.0 kg,Dark,Steel,Red,Final,*0.5,*2,*1,*1,*0.5,*0.5,*4,*0,*2,*0.5,*0,*1,*0.5,*0.5,*0.5,*0.5,*0.5,*1
#624,Pawniard,0.5 m,10.2 kg,Dark,Steel,Red,Bisharp,*0.5,*2,*1,*1,*0.5,*0.5,*4,*0,*2,*0.5,*0,*1,*0.5,*0.5,*0.5,*0.5,*0.5,*1
#623,Golurk,2.8 m,330.0 kg,Ground,Ghost,Green,Final,*0,*1,*2,*0,*2,*2,*0,*0.25,*1,*1,*1,*0.5,*0.5,*2,*1,*2,*1,*1
#620,Mienshao,1.4 m,35.5 kg,Fighting,Unknown,Purple,Final,*1,*1,*1,*1,*1,*1,*1,*1,*1,*2,*2,*0.5,*0.5,*1,*1,*0.5,*1,*2
#627,Rufflet,0.5 m,10.5 kg,Normal,Flying,White,Braviary,*1,*1,*1,*2,*0.5,*2,*1,*1,*0,*1,*1,*0.5,*2,*0,*1,*1,*1,*1
#622,Golett,1.0 m,92.0 kg,Ground,Ghost,Green,Golurk,*0,*1,*2,*0,*2,*2,*0,*0.25,*1,*1,*1,*0.5,*0.5,*2,*1,*2,*1,*1
#621,Druddigon,1.6 m,139.0 kg,Dragon,Unknown,Red,Final,*1,*0.5,*0.5,*0.5,*0.5,*2,*1,*1,*1,*1,*1,*1,*1,*1,*2,*1,*1,*2
#619,Mienfoo,0.9 m,20.0 kg,Fighting,Unknown,Yellow,Mienshao,*1,*1,*1,*1,*1,*1,*1,*1,*1,*2,*2,*0.5,*0.5,*1,*1,*0.5,*1,*2
#618,Stunfisk,0.7 m,11.0 kg,Ground,Electric,Brown,Final,*1,*1,*2,*0,*2,*2,*1,*0.5,*2,*0.5,*1,*1,*0.5,*1,*1,*1,*0.5,*1
#617,Accelgor,0.8 m,25.3 kg,Bug,Unknown,Red,Final,*1,*2,*1,*1,*0.5,*1,*0.5,*1,*0.5,*2,*1,*1,*2,*1,*1,*1,*1,*1
#616,Shelmet,0.4 m,7.7 kg,Bug,Unknown,Red,Accelgor,*1,*2,*1,*1,*0.5,*1,*0.5,*1,*0.5,*2,*1,*1,*2,*1,*1,*1,*1,*1
#613,Cubchoo,0.5 m,8.5 kg,Ice,Unknown,White,Beartic,*1,*2,*1,*1,*1,*0.5,*2,*1,*1,*1,*1,*1,*2,*1,*1,*1,*2,*1
#615,Cryogonal,1.1 m,148.0 kg,Ice,Unknown,Blue,Final,*1,*2,*1,*1,*1,*0.5,*2,*1,*1,*1,*1,*1,*2,*1,*1,*1,*2,*1
#612,Haxorus,1.8 m,105.5 kg,Dragon,Unknown,Yellow,Final,*1,*0.5,*0.5,*0.5,*0.5,*2,*1,*1,*1,*1,*1,*1,*1,*1,*2,*1,*1,*2
#614,Beartic,2.6 m,260.0 kg,Ice,Unknown,White,Final,*1,*2,*1,*1,*1,*0.5,*2,*1,*1,*1,*1,*1,*2,*1,*1,*1,*2,*1
#611,Fraxure,1.0 m,36.0 kg,Dragon,Unknown,Green,Haxorus,*1,*0.5,*0.5,*0.5,*0.5,*2,*1,*1,*1,*1,*1,*1,*1,*1,*2,*1,*1,*2
#604,Eelektross,2.1 m,80.5 kg,Electric,Unknown,Blue,Final,,,,,,,,,,,,,,,,,,
#610,Axew,0.6 m,18.0 kg,Dragon,Unknown,Green,Fraxure,*1,*0.5,*0.5,*0.5,*0.5,*2,*1,*1,*1,*1,*1,*1,*1,*1,*2,*1,*1,*2
#609,Chandelure,1.0 m,34.3 kg,Ghost,Fire,Black,Final,*0,*0.5,*2,*1,*0.5,*0.5,*0,*0.5,*2,*1,*1,*0.25,*2,*2,*1,*2,*0.5,*0.5
#608,Lampent,0.6 m,13.0 kg,Ghost,Fire,Black,Chandelure,*0,*0.5,*2,*1,*0.5,*0.5,*0,*0.5,*2,*1,*1,*0.25,*2,*2,*1,*2,*0.5,*0.5
#607,Litwick,0.3 m,3.1 kg,Ghost,Fire,White,Lampent,*0,*0.5,*2,*1,*0.5,*0.5,*0,*0.5,*2,*1,*1,*0.25,*2,*2,*1,*2,*0.5,*0.5
#606,Beheeyem,1.0 m,34.5 kg,Psychic,Unknown,Brown,Final,*1,*1,*1,*1,*1,*1,*0.5,*1,*1,*1,*0.5,*2,*1,*2,*1,*2,*1,*1
#605,Elgyem,0.5 m,9.0 kg,Psychic,Unknown,Blue,Beheeyem,*1,*1,*1,*1,*1,*1,*0.5,*1,*1,*1,*0.5,*2,*1,*2,*1,*2,*1,*1
#602,Tynamo,0.2 m,0.3 kg,Electric,Unknown,White,Eelektrik,,,,,,,,,,,,,,,,,,
#603,Eelektrik,1.2 m,22.0 kg,Electric,Unknown,Blue,Eelektross,,,,,,,,,,,,,,,,,,
#601,Klinklang,0.6 m,81.0 kg,Steel,Unknown,Gray,Final,*0.5,*2,*1,*1,*0.5,*0.5,*2,*0,*2,*0.5,*0.5,*0.5,*0.5,*1,*0.5,*1,*0.5,*0.5
#600,Klang,0.6 m,51.0 kg,Steel,Unknown,Gray,Klinklang,*0.5,*2,*1,*1,*0.5,*0.5,*2,*0,*2,*0.5,*0.5,*0.5,*0.5,*1,*0.5,*1,*0.5,*0.5
#599,Klink,0.3 m,21.0 kg,Steel,Unknown,Gray,Klang,*0.5,*2,*1,*1,*0.5,*0.5,*2,*0,*2,*0.5,*0.5,*0.5,*0.5,*1,*0.5,*1,*0.5,*0.5
#598,Ferrothorn,1.0 m,110.0 kg,Grass,Steel,Gray,Final,*0.5,*4,*0.5,*0.5,*0.25,*1,*2,*0,*1,*1,*0.5,*1,*0.5,*1,*0.5,*1,*0.5,*0.5
#597,Ferroseed,0.6 m,18.8 kg,Grass,Steel,Gray,Ferrothorn,*0.5,*4,*0.5,*0.5,*0.25,*1,*2,*0,*1,*1,*0.5,*1,*0.5,*1,*0.5,*1,*0.5,*0.5
#596,Galvantula,0.8 m,14.3 kg,Bug,Electric,Yellow,Final,*1,*2,*1,*0.5,*0.5,*1,*0.5,*1,*1,*1,*1,*1,*2,*1,*1,*1,*0.5,*1
#594,Alomomola,1.2 m,31.6 kg,Water,Unknown,Pink,Final,,,,,,,,,,,,,,,,,,
#593,Jellicent,2.2 m,135.0 kg,Water,Ghost,White,Final,*0,*0.5,*0.5,*2,*2,*0.5,*0,*0.5,*1,*1,*1,*0.5,*1,*2,*1,*2,*0.5,*1
#592,Frillish,1.2 m,33.0 kg,Water,Ghost,White,Jellicent,*0,*0.5,*0.5,*2,*2,*0.5,*0,*0.5,*1,*1,*1,*0.5,*1,*2,*1,*2,*0.5,*1
#591,Amoonguss,0.6 m,10.5 kg,Grass,Poison,White,Final,*1,*2,*0.5,*0.5,*0.25,*2,*0.5,*1,*1,*2,*2,*1,*1,*1,*1,*1,*1,*0.5
#589,Escavalier,1.0 m,33.0 kg,Bug,Steel,Gray,Final,*0.5,*4,*1,*1,*0.25,*0.5,*1,*0,*1,*1,*0.5,*0.5,*1,*1,*0.5,*1,*0.5,*0.5
#588,Karrablast,0.5 m,5.9 kg,Bug,Unknown,Blue,Escavalier,*1,*2,*1,*1,*0.5,*1,*0.5,*1,*0.5,*2,*1,*1,*2,*1,*1,*1,*1,*1
#595,Joltik,0.1 m,0.6 kg,Bug,Electric,Yellow,Galvantula,*1,*2,*1,*0.5,*0.5,*1,*0.5,*1,*1,*1,*1,*1,*2,*1,*1,*1,*0.5,*1
#590,Foongus,0.2 m,1.0 kg,Grass,Poison,White,Amoonguss,*1,*2,*0.5,*0.5,*0.25,*2,*0.5,*1,*1,*2,*2,*1,*1,*1,*1,*1,*1,*0.5
#581,Swanna,1.3 m,24.2 kg,Water,Flying,White,Final,,,,,,,,,,,,,,,,,,
#587,Emolga,0.4 m,5.0 kg,Electric,Flying,White,Final,*1,*1,*1,*1,*0.5,*2,*0.5,*1,*0,*0.5,*1,*0.5,*2,*1,*1,*1,*0.5,*1
#586,Sawsbuck,1.9 m,92.5 kg,Normal,Grass,Brown,Final,,,,,,,,,,,,,,,,,,
#584,Vanilluxe,1.3 m,57.5 kg,Ice,Unknown,White,Final,*1,*2,*1,*1,*1,*0.5,*2,*1,*1,*1,*1,*1,*2,*1,*1,*1,*2,*1
#585,Deerling,0.6 m,19.5 kg,Normal,Grass,Pink,Sawsbuck,,,,,,,,,,,,,,,,,,
#580,Ducklett,0.5 m,5.5 kg,Water,Flying,Blue,Swanna,,,,,,,,,,,,,,,,,,
#583,Vanillish,1.1 m,41.0 kg,Ice,Unknown,White,Vanilluxe,*1,*2,*1,*1,*1,*0.5,*2,*1,*1,*1,*1,*1,*2,*1,*1,*1,*2,*1
#582,Vanillite,0.4 m,5.7 kg,Ice,Unknown,White,Final,*1,*2,*1,*1,*1,*0.5,*2,*1,*1,*1,*1,*1,*2,*1,*1,*1,*2,*1
#579,Reuniclus,1.0 m,20.1 kg,Psychic,Unknown,Green,Final,*1,*1,*1,*1,*1,*1,*0.5,*1,*1,*1,*0.5,*2,*1,*2,*1,*2,*1,*1
#578,Duosion,0.6 m,8.0 kg,Psychic,Unknown,Green,Reuniclus,*1,*1,*1,*1,*1,*1,*0.5,*1,*1,*1,*0.5,*2,*1,*2,*1,*2,*1,*1
#577,Solosis,0.3 m,1.0 kg,Psychic,Unknown,Green,Duosion,*1,*1,*1,*1,*1,*1,*0.5,*1,*1,*1,*0.5,*2,*1,*2,*1,*2,*1,*1
#576,Gothitelle,1.5 m,44.0 kg,Psychic,Unknown,Purple,Final,*1,*1,*1,*1,*1,*1,*0.5,*1,*1,*1,*0.5,*2,*1,*2,*1,*2,*1,*1
#575,Gothorita,0.7 m,18.0 kg,Psychic,Unknown,Purple,Gothitelle,*1,*1,*1,*1,*1,*1,*0.5,*1,*1,*1,*0.5,*2,*1,*2,*1,*2,*1,*1
#574,Gothita,0.4 m,5.8 kg,Psychic,Unknown,Purple,Gothorita,*1,*1,*1,*1,*1,*1,*0.5,*1,*1,*1,*0.5,*2,*1,*2,*1,*2,*1,*1
#573,Cinccino,0.5 m,7.5 kg,Normal,Unknown,Gray,Final,*1,*1,*1,*1,*1,*1,*2,*1,*1,*1,*1,*1,*1,*0,*1,*1,*1,*1
#572,Minccino,0.4 m,5.8 kg,Normal,Unknown,Gray,Cinccino,*1,*1,*1,*1,*1,*1,*2,*1,*1,*1,*1,*1,*1,*0,*1,*1,*1,*1
#570,Zorua,0.7 m,12.5 kg,Dark,Unknown,Gray,Zoroark,*1,*1,*1,*1,*1,*1,*2,*1,*1,*1,*0,*2,*1,*0.5,*1,*0.5,*1,*2
#569,Garbodor,1.9 m,107.3 kg,Poison,Unknown,Green,Final,*1,*1,*1,*1,*0.5,*1,*0.5,*0.5,*2,*1,*2,*0.5,*1,*1,*1,*1,*1,*0.5
#568,Trubbish,0.6 m,31.0 kg,Poison,Unknown,Green,Garbodor,*1,*1,*1,*1,*0.5,*1,*0.5,*0.5,*2,*1,*2,*0.5,*1,*1,*1,*1,*1,*0.5
#567,Archeops,1.4 m,32.0 kg,Rock,Flying,Yellow,Final,*0.5,*0.5,*2,*2,*1,*2,*1,*0.5,*0,*0.5,*1,*0.5,*2,*1,*1,*1,*2,*1
#565,Carracosta,1.2 m,81.0 kg,Water,Rock,Blue,Final,*0.5,*0.25,*1,*2,*4,*0.5,*2,*0.5,*2,*0.5,*1,*1,*1,*1,*1,*1,*1,*1
#571,Zoroark,1.6 m,81.1 kg,Dark,Unknown,Gray,Final,*1,*1,*1,*1,*1,*1,*2,*1,*1,*1,*0,*2,*1,*0.5,*1,*0.5,*1,*2
#566,Archen,0.5 m,9.5 kg,Rock,Flying,Yellow,Archeops,*0.5,*0.5,*2,*2,*1,*2,*1,*0.5,*0,*0.5,*1,*0.5,*2,*1,*1,*1,*2,*1
#564,Tirtouga,0.7 m,16.5 kg,Water,Rock,Blue,Carracosta,*0.5,*0.25,*1,*2,*4,*0.5,*2,*0.5,*2,*0.5,*1,*1,*1,*1,*1,*1,*1,*1
#563,Cofagrigus,1.7 m,76.5 kg,Ghost,Unknown,Yellow,Final,*0,*1,*1,*1,*1,*1,*0,*0.5,*1,*1,*1,*0.5,*1,*2,*1,*2,*1,*1
#562,Yamask,0.5 m,1.5 kg,Ghost,Unknown,Black,Cofagrigus;Runerigus,*0,*1,*1,*1,*1,*1,*0,*0.5,*1,*1,*1,*0.5,*1,*2,*1,*2,*1,*1
#561,Sigilyph,1.4 m,14.0 kg,Psychic,Flying,Black,Final,*1,*1,*1,*2,*0.5,*2,*0.25,*1,*0,*1,*0.5,*1,*2,*2,*1,*2,*1,*1
#560,Scrafty,1.1 m,30.0 kg,Dark,Fighting,Red,Final,*1,*1,*1,*1,*1,*1,*2,*1,*1,*2,*0,*1,*0.5,*0.5,*1,*0.25,*1,*4
#556,Maractus,1.0 m,28.0 kg,Grass,Unknown,Green,Final,*1,*2,*0.5,*0.5,*0.5,*2,*1,*2,*0.5,*2,*1,*2,*1,*1,*1,*1,*1,*1
#559,Scraggy,0.6 m,11.8 kg,Dark,Fighting,Yellow,Scrafty,*1,*1,*1,*1,*1,*1,*2,*1,*1,*2,*0,*1,*0.5,*0.5,*1,*0.25,*1,*4
#558,Crustle,1.4 m,200.0 kg,Bug,Rock,Red,Final,*0.5,*1,*2,*1,*1,*1,*1,*0.5,*1,*1,*1,*1,*2,*1,*1,*1,*2,*1
#557,Dwebble,0.3 m,14.5 kg,Bug,Rock,Red,Crustle,*0.5,*1,*2,*1,*1,*1,*1,*0.5,*1,*1,*1,*1,*2,*1,*1,*1,*2,*1
#549,Lilligant,1.1 m,16.3 kg,Grass,Unknown,Green,Final,*1,*2,*0.5,*0.5,*0.5,*2,*1,*2,*0.5,*2,*1,*2,*1,*1,*1,*1,*1,*1
#555,Darmanitan,1.3 m,92.9 kg,Fire,Unknown,Red,Final,*1,*0.5,*2,*1,*0.5,*0.5,*1,*1,*2,*1,*1,*0.5,*2,*1,*1,*1,*0.5,*0.5
#554,Darumaka,0.6 m,37.5 kg,Fire,Unknown,Red,Galarian Darmanitan;Darmanitan,*1,*0.5,*2,*1,*0.5,*0.5,*1,*1,*2,*1,*1,*0.5,*2,*1,*1,*1,*0.5,*0.5
#553,Krookodile,1.5 m,96.3 kg,Ground,Dark,Red,Final,*1,*1,*2,*0,*2,*2,*2,*0.5,*1,*1,*0,*2,*0.5,*0.5,*1,*0.5,*1,*2
#548,Petilil,0.5 m,6.6 kg,Grass,Unknown,Green,Lilligant,*1,*2,*0.5,*0.5,*0.5,*2,*1,*2,*0.5,*2,*1,*2,*1,*1,*1,*1,*1,*1
#552,Krokorok,1.0 m,33.4 kg,Ground,Dark,Brown,Krookodile,*1,*1,*2,*0,*2,*2,*2,*0.5,*1,*1,*0,*2,*0.5,*0.5,*1,*0.5,*1,*2
#551,Sandile,0.7 m,15.2 kg,Ground,Dark,Brown,Krokorok,*1,*1,*2,*0,*2,*2,*2,*0.5,*1,*1,*0,*2,*0.5,*0.5,*1,*0.5,*1,*2
#550,Basculin,1.0 m,18.0 kg,Water,Unknown,Green,Final,*1,*0.5,*0.5,*2,*2,*0.5,*1,*1,*1,*1,*1,*1,*1,*1,*1,*1,*0.5,*1
#547,Whimsicott,0.7 m,6.6 kg,Grass,Fairy,Green,Final,*1,*2,*0.5,*0.5,*0.5,*2,*0.5,*4,*0.5,*2,*1,*1,*1,*1,*0,*0.5,*2,*1
#546,Cottonee,0.3 m,0.6 kg,Grass,Fairy,Green,Whimsicott,*1,*2,*0.5,*0.5,*0.5,*2,*0.5,*4,*0.5,*2,*1,*1,*1,*1,*0,*0.5,*2,*1
#545,Scolipede,2.5 m,200.5 kg,Bug,Poison,Red,Final,*1,*2,*1,*1,*0.25,*1,*0.25,*0.5,*1,*2,*2,*0.5,*2,*1,*1,*1,*1,*0.5
#544,Whirlipede,1.2 m,58.5 kg,Bug,Poison,Gray,Scolipede,*1,*2,*1,*1,*0.25,*1,*0.25,*0.5,*1,*2,*2,*0.5,*2,*1,*1,*1,*1,*0.5
#542,Leavanny,1.2 m,20.5 kg,Bug,Grass,Yellow,Final,,,,,,,,,,,,,,,,,,
#543,Venipede,0.4 m,5.3 kg,Bug,Poison,Red,Whirlipede,*1,*2,*1,*1,*0.25,*1,*0.25,*0.5,*1,*2,*2,*0.5,*2,*1,*1,*1,*1,*0.5
#541,Swadloon,0.5 m,7.3 kg,Bug,Grass,Green,Leavanny,,,,,,,,,,,,,,,,,,
#540,Sewaddle,0.3 m,2.5 kg,Bug,Grass,Yellow,Swadloon,,,,,,,,,,,,,,,,,,
#538,Throh,1.3 m,55.5 kg,Fighting,Unknown,Red,Final,*1,*1,*1,*1,*1,*1,*1,*1,*1,*2,*2,*0.5,*0.5,*1,*1,*0.5,*1,*2
#537,Seismitoad,1.5 m,62.0 kg,Water,Ground,Blue,Final,*1,*0.5,*1,*0,*4,*1,*1,*0.5,*1,*1,*1,*1,*0.5,*1,*1,*1,*0.5,*1
#535,Tympole,0.5 m,4.5 kg,Water,Unknown,Blue,Palpitoad,*1,*0.5,*0.5,*2,*2,*0.5,*1,*1,*1,*1,*1,*1,*1,*1,*1,*1,*0.5,*1
#532,Timburr,0.6 m,12.5 kg,Fighting,Unknown,Gray,Gurdurr,*1,*1,*1,*1,*1,*1,*1,*1,*1,*2,*2,*0.5,*0.5,*1,*1,*0.5,*1,*2
#539,Sawk,1.4 m,51.0 kg,Fighting,Unknown,Blue,Final,*1,*1,*1,*1,*1,*1,*1,*1,*1,*2,*2,*0.5,*0.5,*1,*1,*0.5,*1,*2
#534,Conkeldurr,1.4 m,87.0 kg,Fighting,Unknown,Brown,Final,*1,*1,*1,*1,*1,*1,*1,*1,*1,*2,*2,*0.5,*0.5,*1,*1,*0.5,*1,*2
#536,Palpitoad,0.8 m,17.0 kg,Water,Ground,Blue,Seismitoad,*1,*0.5,*1,*0,*4,*1,*1,*0.5,*1,*1,*1,*1,*0.5,*1,*1,*1,*0.5,*1
#533,Gurdurr,1.2 m,40.0 kg,Fighting,Unknown,Gray,Conkeldurr,*1,*1,*1,*1,*1,*1,*1,*1,*1,*2,*2,*0.5,*0.5,*1,*1,*0.5,*1,*2
#527,Woobat,0.4 m,2.1 kg,Psychic,Flying,Blue,Swoobat,*1,*1,*1,*2,*0.5,*2,*0.25,*1,*0,*1,*0.5,*1,*2,*2,*1,*2,*1,*1
#531,Audino,1.1 m,31.0 kg,Normal,Unknown,Pink,Final,*1,*1,*1,*1,*1,*1,*2,*1,*1,*1,*1,*1,*1,*0,*1,*1,*1,*1
#530,Excadrill,0.7 m,40.4 kg,Ground,Steel,Gray,Final,*0.5,*2,*2,*0,*1,*1,*2,*0,*2,*0.5,*0.5,*0.5,*0.25,*1,*0.5,*1,*0.5,*0.5
#529,Drilbur,0.3 m,8.5 kg,Ground,Unknown,Gray,Excadrill,*1,*1,*2,*0,*2,*2,*1,*0.5,*1,*1,*1,*1,*0.5,*1,*1,*1,*1,*1
#526,Gigalith,1.7 m,260.0 kg,Rock,Unknown,Blue,Final,*0.5,*0.5,*2,*1,*2,*1,*2,*0.5,*2,*0.5,*1,*1,*1,*1,*1,*1,*2,*1
#528,Swoobat,0.9 m,10.5 kg,Psychic,Flying,Blue,Final,*1,*1,*1,*2,*0.5,*2,*0.25,*1,*0,*1,*0.5,*1,*2,*2,*1,*2,*1,*1
#523,Zebstrika,1.6 m,79.5 kg,Electric,Unknown,Black,Final,,,,,,,,,,,,,,,,,,
#522,Blitzle,0.8 m,29.8 kg,Electric,Unknown,Black,Zebstrika,,,,,,,,,,,,,,,,,,
#521,Unfezant,1.2 m,29.0 kg,Normal,Flying,Gray,Final,*1,*1,*1,*2,*0.5,*2,*1,*1,*0,*1,*1,*0.5,*2,*0,*1,*1,*1,*1
#525,Boldore,0.9 m,102.0 kg,Rock,Unknown,Blue,Gigalith,*0.5,*0.5,*2,*1,*2,*1,*2,*0.5,*2,*0.5,*1,*1,*1,*1,*1,*1,*2,*1
#520,Tranquill,0.6 m,15.0 kg,Normal,Flying,Gray,Unfezant,*1,*1,*1,*2,*0.5,*2,*1,*1,*0,*1,*1,*0.5,*2,*0,*1,*1,*1,*1
#519,Pidove,0.3 m,2.1 kg,Normal,Flying,Gray,Tranquill,*1,*1,*1,*2,*0.5,*2,*1,*1,*0,*1,*1,*0.5,*2,*0,*1,*1,*1,*1
#524,Roggenrola,0.4 m,18.0 kg,Rock,Unknown,Blue,Boldore,*0.5,*0.5,*2,*1,*2,*1,*2,*0.5,*2,*0.5,*1,*1,*1,*1,*1,*1,*2,*1
#518,Musharna,1.1 m,60.5 kg,Psychic,Unknown,Pink,Final,*1,*1,*1,*1,*1,*1,*0.5,*1,*1,*1,*0.5,*2,*1,*2,*1,*2,*1,*1
#517,Munna,0.6 m,23.3 kg,Psychic,Unknown,Pink,Musharna,*1,*1,*1,*1,*1,*1,*0.5,*1,*1,*1,*0.5,*2,*1,*2,*1,*2,*1,*1
#516,Simipour,1.0 m,29.0 kg,Water,Unknown,Blue,Final,,,,,,,,,,,,,,,,,,
#515,Panpour,0.6 m,13.5 kg,Water,Unknown,Blue,Simipour,,,,,,,,,,,,,,,,,,
#514,Simisear,1.0 m,28.0 kg,Fire,Unknown,Red,Final,,,,,,,,,,,,,,,,,,
#513,Pansear,0.6 m,11.0 kg,Fire,Unknown,Red,Simisear,,,,,,,,,,,,,,,,,,
#512,Simisage,1.1 m,30.5 kg,Grass,Unknown,Green,Final,,,,,,,,,,,,,,,,,,
#511,Pansage,0.6 m,10.5 kg,Grass,Unknown,Green,Simisage,,,,,,,,,,,,,,,,,,
#510,Liepard,1.1 m,37.5 kg,Dark,Unknown,Purple,Final,*1,*1,*1,*1,*1,*1,*2,*1,*1,*1,*0,*2,*1,*0.5,*1,*0.5,*1,*2
#508,Stoutland,1.2 m,61.0 kg,Normal,Unknown,Gray,Final,*1,*1,*1,*1,*1,*1,*2,*1,*1,*1,*1,*1,*1,*0,*1,*1,*1,*1
#507,Herdier,0.9 m,14.7 kg,Normal,Unknown,Gray,Stoutland,*1,*1,*1,*1,*1,*1,*2,*1,*1,*1,*1,*1,*1,*0,*1,*1,*1,*1
#506,Lillipup,0.4 m,4.1 kg,Normal,Unknown,Brown,Herdier,*1,*1,*1,*1,*1,*1,*2,*1,*1,*1,*1,*1,*1,*0,*1,*1,*1,*1
#505,Watchog,1.1 m,27.0 kg,Normal,Unknown,Brown,Final,,,,,,,,,,,,,,,,,,
#504,Patrat,0.5 m,11.6 kg,Normal,Unknown,Brown,Watchog,,,,,,,,,,,,,,,,,,
#503,Samurott,1.5 m,94.6 kg,Water,Unknown,Blue,Final,,,,,,,,,,,,,,,,,,
#502,Dewott,0.8 m,24.5 kg,Water,Unknown,Blue,Samurott,,,,,,,,,,,,,,,,,,
#509,Purrloin,0.4 m,10.1 kg,Dark,Unknown,Purple,Liepard,*1,*1,*1,*1,*1,*1,*2,*1,*1,*1,*0,*2,*1,*0.5,*1,*0.5,*1,*2
#494,Victini,0.4 m,4.0 kg,Psychic,Fire,Yellow,Final,*1,*0.5,*2,*1,*0.5,*0.5,*0.5,*1,*2,*1,*0.5,*1,*2,*2,*1,*2,*0.5,*0.5
#501,Oshawott,0.5 m,5.9 kg,Water,Unknown,Blue,Dewott,,,,,,,,,,,,,,,,,,
#500,Emboar,1.6 m,150.0 kg,Fire,Fighting,Red,Final,,,,,,,,,,,,,,,,,,
#499,Pignite,1.0 m,55.5 kg,Fire,Fighting,Red,Emboar,,,,,,,,,,,,,,,,,,
#498,Tepig,0.5 m,9.9 kg,Fire,Unknown,Red,Pignite,,,,,,,,,,,,,,,,,,
#497,Serperior,3.3 m,63.0 kg,Grass,Unknown,Green,Final,,,,,,,,,,,,,,,,,,
#496,Servine,0.8 m,16.0 kg,Grass,Unknown,Green,Serperior,,,,,,,,,,,,,,,,,,
#495,Snivy,0.6 m,8.1 kg,Grass,Unknown,Green,Servine,,,,,,,,,,,,,,,,,,
#493,Arceus,3.2 m,320.0 kg,Normal,Unknown,White,Final,,,,,,,,,,,,,,,,,,
#492,Shaymin,0.2 m,2.1 kg,Grass,Unknown,Green,Final,,,,,,,,,,,,,,,,,,
#491,Darkrai,1.5 m,50.5 kg,Dark,Unknown,Black,Final,,,,,,,,,,,,,,,,,,
#490,Manaphy,0.3 m,1.4 kg,Water,Unknown,Blue,Final,,,,,,,,,,,,,,,,,,
#489,Phione,0.4 m,3.1 kg,Water,Unknown,Blue,Final,,,,,,,,,,,,,,,,,,
#488,Cresselia,1.5 m,85.6 kg,Psychic,Unknown,Yellow,Final,*1,*1,*1,*1,*1,*1,*0.5,*1,*1,*1,*0.5,*2,*1,*2,*1,*2,*1,*1
#487,Giratina,4.5 m,750.0 kg,Ghost,Dragon,Black,Final,*0,*0.5,*0.5,*0.5,*0.5,*2,*0,*0.5,*1,*1,*1,*0.5,*1,*2,*2,*2,*1,*2
#486,Regigigas,3.7 m,420.0 kg,Normal,Unknown,White,Final,*1,*1,*1,*1,*1,*1,*2,*1,*1,*1,*1,*1,*1,*0,*1,*1,*1,*1
#484,Palkia,4.2 m,336.0 kg,Water,Dragon,Purple,Final,*1,*0.25,*0.25,*1,*1,*1,*1,*1,*1,*1,*1,*1,*1,*1,*2,*1,*0.5,*2
#482,Azelf,0.3 m,0.3 kg,Psychic,Unknown,Blue,Final,*1,*1,*1,*1,*1,*1,*0.5,*1,*1,*1,*0.5,*2,*1,*2,*1,*2,*1,*1
#481,Mesprit,0.3 m,0.3 kg,Psychic,Unknown,Pink,Final,*1,*1,*1,*1,*1,*1,*0.5,*1,*1,*1,*0.5,*2,*1,*2,*1,*2,*1,*1
#480,Uxie,0.3 m,0.3 kg,Psychic,Unknown,Yellow,Final,*1,*1,*1,*1,*1,*1,*0.5,*1,*1,*1,*0.5,*2,*1,*2,*1,*2,*1,*1
#479,Rotom,0.3 m,0.3 kg,Electric,Ghost,Red,Final,*0,*1,*1,*0.5,*1,*1,*0,*0.5,*2,*0.5,*1,*0.5,*1,*2,*1,*2,*0.5,*1
#483,Dialga,5.4 m,683.0 kg,Steel,Dragon,White,Final,*0.5,*1,*0.5,*0.5,*0.25,*1,*2,*0,*2,*0.5,*0.5,*0.5,*0.5,*1,*1,*1,*0.5,*1
#478,Froslass,1.3 m,26.6 kg,Ice,Ghost,White,Final,*0,*2,*1,*1,*1,*0.5,*0,*0.5,*1,*1,*1,*0.5,*2,*2,*1,*2,*2,*1
#485,Heatran,1.7 m,430.0 kg,Fire,Steel,Brown,Final,*0.5,*1,*2,*1,*0.25,*0.25,*2,*0,*4,*0.5,*0.5,*0.25,*1,*1,*0.5,*1,*0.25,*0.25
#477,Dusknoir,2.2 m,106.6 kg,Ghost,Unknown,Black,Final,*0,*1,*1,*1,*1,*1,*0,*0.5,*1,*1,*1,*0.5,*1,*2,*1,*2,*1,*1
#476,Probopass,1.4 m,340.0 kg,Rock,Steel,Gray,Final,,,,,,,,,,,,,,,,,,
#475,Gallade,1.6 m,52.0 kg,Psychic,Fighting,White,Final,*1,*1,*1,*1,*1,*1,*0.5,*1,*1,*2,*1,*1,*0.5,*2,*1,*1,*1,*2
#474,Porygon-Z,0.9 m,34.0 kg,Normal,Unknown,Red,Final,*1,*1,*1,*1,*1,*1,*2,*1,*1,*1,*1,*1,*1,*0,*1,*1,*1,*1
#473,Mamoswine,2.5 m,291.0 kg,Ice,Ground,Brown,Final,*1,*2,*2,*0,*2,*1,*2,*0.5,*1,*1,*1,*1,*1,*1,*1,*1,*2,*1
#470,Leafeon,1.0 m,25.5 kg,Grass,Unknown,Green,Final,*1,*2,*0.5,*0.5,*0.5,*2,*1,*2,*0.5,*2,*1,*2,*1,*1,*1,*1,*1,*1
#472,Gliscor,2.0 m,42.5 kg,Ground,Flying,Purple,Final,,,,,,,,,,,,,,,,,,
#471,Glaceon,0.8 m,25.9 kg,Ice,Unknown,Blue,Final,*1,*2,*1,*1,*1,*0.5,*2,*1,*1,*1,*1,*1,*2,*1,*1,*1,*2,*1
#464,Rhyperior,2.4 m,282.8 kg,Ground,Rock,Gray,Final,*0.5,*0.5,*4,*0,*4,*2,*2,*0.25,*2,*0.5,*1,*1,*0.5,*1,*1,*1,*2,*1
#469,Yanmega,1.9 m,51.5 kg,Bug,Flying,Green,Final,,,,,,,,,,,,,,,,,,
#463,Lickilicky,1.7 m,140.0 kg,Normal,Unknown,Pink,Final,*1,*1,*1,*1,*1,*1,*2,*1,*1,*1,*1,*1,*1,*0,*1,*1,*1,*1
#468,Togekiss,1.5 m,38.0 kg,Fairy,Flying,White,Final,*1,*1,*1,*2,*0.5,*2,*0.25,*2,*0,*1,*1,*0.25,*2,*1,*0,*0.5,*2,*1
#467,Magmortar,1.6 m,68.0 kg,Fire,Unknown,Red,Final,*1,*0.5,*2,*1,*0.5,*0.5,*1,*1,*2,*1,*1,*0.5,*2,*1,*1,*1,*0.5,*0.5
#466,Electivire,1.8 m,138.6 kg,Electric,Unknown,Yellow,Final,*1,*1,*1,*0.5,*1,*1,*1,*1,*2,*0.5,*1,*1,*1,*1,*1,*1,*0.5,*1
#465,Tangrowth,2.0 m,128.6 kg,Grass,Unknown,Blue,Final,*1,*2,*0.5,*0.5,*0.5,*2,*1,*2,*0.5,*2,*1,*2,*1,*1,*1,*1,*1,*1
#462,Magnezone,1.2 m,180.0 kg,Electric,Steel,Gray,Final,*0.5,*2,*1,*0.5,*0.5,*0.5,*2,*0,*4,*0.25,*0.5,*0.5,*0.5,*1,*0.5,*1,*0.25,*0.5
#461,Weavile,1.1 m,34.0 kg,Dark,Ice,Black,Final,*1,*2,*1,*1,*1,*0.5,*4,*1,*1,*1,*0,*2,*2,*0.5,*1,*0.5,*2,*2
#460,Abomasnow,2.2 m,135.5 kg,Grass,Ice,White,Final,*1,*4,*0.5,*0.5,*0.5,*1,*2,*2,*0.5,*2,*1,*2,*2,*1,*1,*1,*2,*1
#459,Snover,1.0 m,50.5 kg,Grass,Ice,White,Abomasnow,*1,*4,*0.5,*0.5,*0.5,*1,*2,*2,*0.5,*2,*1,*2,*2,*1,*1,*1,*2,*1
#458,Mantyke,1.0 m,65.0 kg,Water,Flying,Blue,Mantine,*1,*0.5,*0.5,*4,*1,*1,*0.5,*1,*0,*1,*1,*0.5,*2,*1,*1,*1,*0.5,*1
#457,Lumineon,1.2 m,24.0 kg,Water,Unknown,Blue,Final,,,,,,,,,,,,,,,,,,
#456,Finneon,0.4 m,7.0 kg,Water,Unknown,Blue,Lumineon,,,,,,,,,,,,,,,,,,
#455,Carnivine,1.4 m,27.0 kg,Grass,Unknown,Green,Final,,,,,,,,,,,,,,,,,,
#454,Toxicroak,1.3 m,44.4 kg,Poison,Fighting,Blue,Final,*1,*1,*1,*1,*0.5,*1,*0.5,*0.5,*2,*2,*4,*0.25,*0.5,*1,*1,*0.5,*1,*1
#450,Hippowdon,2.0 m,300.0 kg,Ground,Unknown,Brown,Final,*1,*1,*2,*0,*2,*2,*1,*0.5,*1,*1,*1,*1,*0.5,*1,*1,*1,*1,*1
#449,Hippopotas,0.8 m,49.5 kg,Ground,Unknown,Brown,Hippowdon,*1,*1,*2,*0,*2,*2,*1,*0.5,*1,*1,*1,*1,*0.5,*1,*1,*1,*1,*1
#448,Lucario,1.2 m,54.0 kg,Fighting,Steel,Blue,Final,*0.5,*2,*1,*1,*0.5,*0.5,*2,*0,*2,*1,*1,*0.25,*0.25,*1,*0.5,*0.5,*0.5,*1
#447,Riolu,0.7 m,20.2 kg,Fighting,Unknown,Blue,Lucario,*1,*1,*1,*1,*1,*1,*1,*1,*1,*2,*2,*0.5,*0.5,*1,*1,*0.5,*1,*2
#452,Drapion,1.3 m,61.5 kg,Poison,Dark,Purple,Final,*1,*1,*1,*1,*0.5,*1,*1,*0.5,*2,*1,*0,*1,*1,*0.5,*1,*0.5,*1,*1
#453,Croagunk,0.7 m,23.0 kg,Poison,Fighting,Blue,Toxicroak,*1,*1,*1,*1,*0.5,*1,*0.5,*0.5,*2,*2,*4,*0.25,*0.5,*1,*1,*0.5,*1,*1
#446,Munchlax,0.6 m,105.0 kg,Normal,Unknown,Black,Snorlax,*1,*1,*1,*1,*1,*1,*2,*1,*1,*1,*1,*1,*1,*0,*1,*1,*1,*1
#441,Chatot,0.5 m,1.9 kg,Normal,Flying,Black,Final,,,,,,,,,,,,,,,,,,
#451,Skorupi,0.8 m,12.0 kg,Poison,Bug,Purple,Drapion,*1,*2,*1,*1,*0.25,*1,*0.25,*0.5,*1,*2,*2,*0.5,*2,*1,*1,*1,*1,*0.5
#445,Garchomp,1.9 m,95.0 kg,Dragon,Ground,Blue,Final,*1,*0.5,*1,*0,*1,*4,*1,*0.5,*1,*1,*1,*1,*0.5,*1,*2,*1,*1,*2
#444,Gabite,1.4 m,56.0 kg,Dragon,Ground,Blue,Garchomp,*1,*0.5,*1,*0,*1,*4,*1,*0.5,*1,*1,*1,*1,*0.5,*1,*2,*1,*1,*2
#442,Spiritomb,1.0 m,108.0 kg,Ghost,Dark,Purple,Final,*0,*1,*1,*1,*1,*1,*0,*0.5,*1,*1,*0,*1,*1,*1,*1,*1,*1,*2
#443,Gible,0.7 m,20.5 kg,Dragon,Ground,Blue,Gabite,*1,*0.5,*1,*0,*1,*4,*1,*0.5,*1,*1,*1,*1,*0.5,*1,*2,*1,*1,*2
#438,Bonsly,0.5 m,15.0 kg,Rock,Unknown,Brown,Sudowoodo,*0.5,*0.5,*2,*1,*2,*1,*2,*0.5,*2,*0.5,*1,*1,*1,*1,*1,*1,*2,*1
#440,Happiny,0.6 m,24.4 kg,Normal,Unknown,Pink,Chansey,*1,*1,*1,*1,*1,*1,*2,*1,*1,*1,*1,*1,*1,*0,*1,*1,*1,*1
#437,Bronzong,1.3 m,187.0 kg,Steel,Psychic,Green,Final,*0.5,*2,*1,*1,*0.5,*0.5,*1,*0,*2,*0.5,*0.25,*1,*0.5,*2,*0.5,*2,*0.5,*0.5
#436,Bronzor,0.5 m,60.5 kg,Steel,Psychic,Green,Bronzong,*0.5,*2,*1,*1,*0.5,*0.5,*1,*0,*2,*0.5,*0.25,*1,*0.5,*2,*0.5,*2,*0.5,*0.5
#435,Skuntank,1.0 m,38.0 kg,Poison,Dark,Purple,Final,*1,*1,*1,*1,*0.5,*1,*1,*0.5,*2,*1,*0,*1,*1,*0.5,*1,*0.5,*1,*1
#434,Stunky,0.4 m,19.2 kg,Poison,Dark,Purple,Skuntank,*1,*1,*1,*1,*0.5,*1,*1,*0.5,*2,*1,*0,*1,*1,*0.5,*1,*0.5,*1,*1
#439,Mime Jr.,0.6 m,13.0 kg,Psychic,Fairy,Pink,Galarian Mr. Mime;Mr. Mime,*1,*1,*1,*1,*1,*1,*0.25,*2,*1,*1,*0.5,*1,*1,*2,*0,*1,*2,*1
#433,Chingling,0.2 m,0.6 kg,Psychic,Unknown,Yellow,Chimecho,,,,,,,,,,,,,,,,,,
#432,Purugly,1.0 m,43.8 kg,Normal,Unknown,Gray,Final,,,,,,,,,,,,,,,,,,
#431,Glameow,0.5 m,3.9 kg,Normal,Unknown,Gray,Purugly,,,,,,,,,,,,,,,,,,
#429,Mismagius,0.9 m,4.4 kg,Ghost,Unknown,Purple,Final,,,,,,,,,,,,,,,,,,
#425,Drifloon,0.4 m,1.2 kg,Ghost,Flying,Purple,Drifblim,*0,*1,*1,*2,*0.5,*2,*0,*0.5,*0,*1,*1,*0.25,*2,*2,*1,*2,*1,*1
#430,Honchkrow,0.9 m,27.3 kg,Dark,Flying,Black,Final,,,,,,,,,,,,,,,,,,
#428,Lopunny,1.2 m,33.3 kg,Normal,Unknown,Brown,Final,*1,*1,*1,*1,*1,*1,*2,*1,*1,*1,*1,*1,*1,*0,*1,*1,*1,*1
#426,Drifblim,1.2 m,15.0 kg,Ghost,Flying,Purple,Final,*0,*1,*1,*2,*0.5,*2,*0,*0.5,*0,*1,*1,*0.25,*2,*2,*1,*2,*1,*1
#424,Ambipom,1.2 m,20.3 kg,Normal,Unknown,Purple,Final,,,,,,,,,,,,,,,,,,
#427,Buneary,0.4 m,5.5 kg,Normal,Unknown,Brown,Lopunny,*1,*1,*1,*1,*1,*1,*2,*1,*1,*1,*1,*1,*1,*0,*1,*1,*1,*1
#417,Pachirisu,0.4 m,3.9 kg,Electric,Unknown,White,Final,,,,,,,,,,,,,,,,,,
#423,Gastrodon,0.9 m,29.9 kg,Water,Ground,Purple,Final,*1,*0.5,*1,*0,*4,*1,*1,*0.5,*1,*1,*1,*1,*0.5,*1,*1,*1,*0.5,*1
#420,Cherubi,0.4 m,3.3 kg,Grass,Unknown,Pink,Cherrim,*1,*2,*0.5,*0.5,*0.5,*2,*1,*2,*0.5,*2,*1,*2,*1,*1,*1,*1,*1,*1
#422,Shellos,0.3 m,6.3 kg,Water,Unknown,Purple,Gastrodon,*1,*0.5,*0.5,*2,*2,*0.5,*1,*1,*1,*1,*1,*1,*1,*1,*1,*1,*0.5,*1
#419,Floatzel,1.1 m,33.5 kg,Water,Unknown,Brown,Final,,,,,,,,,,,,,,,,,,
#418,Buizel,0.7 m,29.5 kg,Water,Unknown,Brown,Floatzel,,,,,,,,,,,,,,,,,,
#421,Cherrim,0.5 m,9.3 kg,Grass,Unknown,Purple,Final,*1,*2,*0.5,*0.5,*0.5,*2,*1,*2,*0.5,*2,*1,*2,*1,*1,*1,*1,*1,*1
#416,Vespiquen,1.2 m,38.5 kg,Bug,Flying,Yellow,Vespiquen,*1,*2,*1,*2,*0.25,*2,*0.25,*1,*0,*2,*1,*0.5,*4,*1,*1,*1,*1,*1
#415,Combee,0.3 m,5.5 kg,Bug,Flying,Yellow,Vespiquen,*1,*2,*1,*2,*0.25,*2,*0.25,*1,*0,*2,*1,*0.5,*4,*1,*1,*1,*1,*1
#414,Mothim,0.9 m,23.3 kg,Bug,Flying,Yellow,Final,,,,,,,,,,,,,,,,,,
#413,Wormadam,0.5 m,6.5 kg,Bug,Grass,Green,Final,,,,,,,,,,,,,,,,,,
#412,Burmy,0.2 m,3.4 kg,Bug,Unknown,Green,Final,,,,,,,,,,,,,,,,,,
#411,Bastiodon,1.3 m,149.5 kg,Rock,Steel,Gray,Final,,,,,,,,,,,,,,,,,,
#410,Shieldon,0.5 m,57.0 kg,Rock,Steel,Gray,Bastiodon,,,,,,,,,,,,,,,,,,
#408,Cranidos,0.9 m,31.5 kg,Rock,Unknown,Blue,Rampardos,,,,,,,,,,,,,,,,,,
#409,Rampardos,1.6 m,102.5 kg,Rock,Unknown,Blue,Final,,,,,,,,,,,,,,,,,,
#407,Roserade,0.9 m,14.5 kg,Grass,Poison,Green,Final,*1,*2,*0.5,*0.5,*0.25,*2,*0.5,*1,*1,*2,*2,*1,*1,*1,*1,*1,*1,*0.5
#406,Budew,0.2 m,1.2 kg,Grass,Poison,Green,Roselia,*1,*2,*0.5,*0.5,*0.25,*2,*0.5,*1,*1,*2,*2,*1,*1,*1,*1,*1,*1,*0.5
#405,Luxray,1.4 m,42.0 kg,Electric,Unknown,Blue,Final,*1,*1,*1,*0.5,*1,*1,*1,*1,*2,*0.5,*1,*1,*1,*1,*1,*1,*0.5,*1
#404,Luxio,0.9 m,30.5 kg,Electric,Unknown,Blue,Luxray,*1,*1,*1,*0.5,*1,*1,*1,*1,*2,*0.5,*1,*1,*1,*1,*1,*1,*0.5,*1
#403,Shinx,0.5 m,9.5 kg,Electric,Unknown,Blue,Luxio,*1,*1,*1,*0.5,*1,*1,*1,*1,*2,*0.5,*1,*1,*1,*1,*1,*1,*0.5,*1
#402,Kricketune,1.0 m,25.5 kg,Bug,Unknown,Red,Final,,,,,,,,,,,,,,,,,,
#400,Bibarel,1.0 m,31.5 kg,Normal,Water,Brown,Final,,,,,,,,,,,,,,,,,,
#401,Kricketot,0.3 m,2.2 kg,Bug,Unknown,Red,Kricketune,,,,,,,,,,,,,,,,,,
#397,Staravia,0.6 m,15.5 kg,Normal,Flying,Brown,Staraptor,,,,,,,,,,,,,,,,,,
#396,Starly,0.3 m,2.0 kg,Normal,Flying,Brown,Staravia,,,,,,,,,,,,,,,,,,
#394,Prinplup,0.8 m,23.0 kg,Water,Unknown,Blue,Empoleon,,,,,,,,,,,,,,,,,,
#392,Infernape,1.2 m,55.0 kg,Fire,Fighting,Brown,Final,,,,,,,,,,,,,,,,,,
#395,Empoleon,1.7 m,84.5 kg,Water,Steel,Blue,Final,,,,,,,,,,,,,,,,,,
#399,Bidoof,0.5 m,20.0 kg,Normal,Unknown,Brown,Bibarel,,,,,,,,,,,,,,,,,,
#393,Piplup,0.4 m,5.2 kg,Water,Unknown,Blue,Prinplup,,,,,,,,,,,,,,,,,,
#387,Turtwig,0.4 m,10.2 kg,Grass,Unknown,Green,Grotle,,,,,,,,,,,,,,,,,,
#398,Staraptor,1.2 m,24.9 kg,Normal,Flying,Brown,Final,,,,,,,,,,,,,,,,,,
#391,Monferno,0.9 m,22.0 kg,Fire,Fighting,Brown,Infernape,,,,,,,,,,,,,,,,,,
#390,Chimchar,0.5 m,6.2 kg,Fire,Unknown,Brown,Monferno,,,,,,,,,,,,,,,,,,
#386,Deoxys,1.7 m,60.8 kg,Psychic,Unknown,Red,Final,,,,,,,,,,,,,,,,,,
#389,Torterra,2.2 m,310.0 kg,Grass,Ground,Green,Final,,,,,,,,,,,,,,,,,,
#385,Jirachi,0.3 m,1.1 kg,Steel,Psychic,Yellow,Final,*0.5,*2,*1,*1,*0.5,*0.5,*1,*0,*2,*0.5,*0.25,*1,*0.5,*2,*0.5,*2,*0.5,*0.5
#388,Grotle,1.1 m,97.0 kg,Grass,Unknown,Green,Torterra,,,,,,,,,,,,,,,,,,
#384,Rayquaza,7.0 m,206.5 kg,Dragon,Flying,Green,Final,*1,*0.5,*0.5,*1,*0.25,*4,*0.5,*1,*0,*1,*1,*0.5,*2,*1,*2,*1,*1,*2
#383,Groudon,3.5 m,950.0 kg,Ground,Unknown,Red,Final,*1,*1,*2,*0,*2,*2,*1,*0.5,*1,*1,*1,*1,*0.5,*1,*1,*1,*1,*1
#382,Kyogre,4.5 m,352.0 kg,Water,Unknown,Blue,Final,*1,*0.5,*0.5,*2,*2,*0.5,*1,*1,*1,*1,*1,*1,*1,*1,*1,*1,*0.5,*1
#381,Latios,2.0 m,60.0 kg,Dragon,Psychic,Blue,Final,*1,*0.5,*0.5,*0.5,*0.5,*2,*0.5,*1,*1,*1,*0.5,*2,*1,*2,*2,*2,*1,*2
#380,Latias,1.4 m,40.0 kg,Dragon,Psychic,Red,Final,*1,*0.5,*0.5,*0.5,*0.5,*2,*0.5,*1,*1,*1,*0.5,*2,*1,*2,*2,*2,*1,*2
#379,Registeel,1.9 m,205.0 kg,Steel,Unknown,Gray,Final,*0.5,*2,*1,*1,*0.5,*0.5,*2,*0,*2,*0.5,*0.5,*0.5,*0.5,*1,*0.5,*1,*0.5,*0.5
#378,Regice,1.8 m,175.0 kg,Ice,Unknown,Blue,Final,*1,*2,*1,*1,*1,*0.5,*2,*1,*1,*1,*1,*1,*2,*1,*1,*1,*2,*1
#377,Regirock,1.7 m,230.0 kg,Rock,Unknown,Brown,Final,*0.5,*0.5,*2,*1,*2,*1,*2,*0.5,*2,*0.5,*1,*1,*1,*1,*1,*1,*2,*1
#373,Salamence,1.5 m,102.6 kg,Dragon,Flying,Blue,Final,*1,*0.5,*0.5,*1,*0.25,*4,*0.5,*1,*0,*1,*1,*0.5,*2,*1,*2,*1,*1,*2
#371,Bagon,0.6 m,42.1 kg,Dragon,Unknown,Blue,Shelgon,*1,*0.5,*0.5,*0.5,*0.5,*2,*1,*1,*1,*1,*1,*1,*1,*1,*2,*1,*1,*2
#370,Luvdisc,0.6 m,8.7 kg,Water,Unknown,Pink,Final,,,,,,,,,,,,,,,,,,
#376,Metagross,1.6 m,550.0 kg,Steel,Psychic,Blue,Final,*0.5,*2,*1,*1,*0.5,*0.5,*1,*0,*2,*0.5,*0.25,*1,*0.5,*2,*0.5,*2,*0.5,*0.5
#375,Metang,1.2 m,202.5 kg,Steel,Psychic,Blue,Metagross,*0.5,*2,*1,*1,*0.5,*0.5,*1,*0,*2,*0.5,*0.25,*1,*0.5,*2,*0.5,*2,*0.5,*0.5
#374,Beldum,0.6 m,95.2 kg,Steel,Psychic,Blue,Metang,*0.5,*2,*1,*1,*0.5,*0.5,*1,*0,*2,*0.5,*0.25,*1,*0.5,*2,*0.5,*2,*0.5,*0.5
#372,Shelgon,1.1 m,110.5 kg,Dragon,Unknown,White,Salamence,*1,*0.5,*0.5,*0.5,*0.5,*2,*1,*1,*1,*1,*1,*1,*1,*1,*2,*1,*1,*2
#369,Relicanth,1.0 m,23.4 kg,Water,Rock,Gray,Final,*0.5,*0.25,*1,*2,*4,*0.5,*2,*0.5,*2,*0.5,*1,*1,*1,*1,*1,*1,*1,*1
#364,Sealeo,1.1 m,87.6 kg,Ice,Water,Blue,Walrein,*1,*1,*0.5,*2,*2,*0.25,*2,*1,*1,*1,*1,*1,*2,*1,*1,*1,*1,*1
#363,Spheal,0.8 m,39.5 kg,Ice,Water,Blue,Sealeo,*1,*1,*0.5,*2,*2,*0.25,*2,*1,*1,*1,*1,*1,*2,*1,*1,*1,*1,*1
#368,Gorebyss,1.8 m,22.6 kg,Water,Unknown,Pink,Final,,,,,,,,,,,,,,,,,,
#367,Huntail,1.7 m,27.0 kg,Water,Unknown,Blue,Final,,,,,,,,,,,,,,,,,,
#362,Glalie,1.5 m,256.5 kg,Ice,Unknown,Gray,Final,*1,*2,*1,*1,*1,*0.5,*2,*1,*1,*1,*1,*1,*2,*1,*1,*1,*2,*1
#366,Clamperl,0.4 m,52.5 kg,Water,Unknown,Blue,Gorebyss;Huntail,,,,,,,,,,,,,,,,,,
#361,Snorunt,0.7 m,16.8 kg,Ice,Unknown,Gray,Glalie,*1,*2,*1,*1,*1,*0.5,*2,*1,*1,*1,*1,*1,*2,*1,*1,*1,*2,*1
#365,Walrein,1.4 m,150.6 kg,Ice,Water,Blue,Final,*1,*1,*0.5,*2,*2,*0.25,*2,*1,*1,*1,*1,*1,*2,*1,*1,*1,*1,*1
#353,Shuppet,0.6 m,2.3 kg,Ghost,Unknown,Black,Banette,,,,,,,,,,,,,,,,,,
#360,Wynaut,0.6 m,14.0 kg,Psychic,Unknown,Blue,Wobbuffet,*1,*1,*1,*1,*1,*1,*0.5,*1,*1,*1,*0.5,*2,*1,*2,*1,*2,*1,*1
#358,Chimecho,0.6 m,1.0 kg,Psychic,Unknown,Blue,Final,,,,,,,,,,,,,,,,,,
#357,Tropius,2.0 m,100.0 kg,Grass,Flying,Green,Final,,,,,,,,,,,,,,,,,,
#356,Dusclops,1.6 m,30.6 kg,Ghost,Unknown,Black,Dusknoir,*0,*1,*1,*1,*1,*1,*0,*0.5,*1,*1,*1,*0.5,*1,*2,*1,*2,*1,*1
#355,Duskull,0.8 m,15.0 kg,Ghost,Unknown,Black,Dusclops,*0,*1,*1,*1,*1,*1,*0,*0.5,*1,*1,*1,*0.5,*1,*2,*1,*2,*1,*1
#354,Banette,1.1 m,12.5 kg,Ghost,Unknown,Black,Final,,,,,,,,,,,,,,,,,,
#359,Absol,1.2 m,47.0 kg,Dark,Unknown,White,Final,*1,*1,*1,*1,*1,*1,*2,*1,*1,*1,*0,*2,*1,*0.5,*1,*0.5,*1,*2
#352,Kecleon,1.0 m,22.0 kg,Normal,Unknown,Green,Final,,,,,,,,,,,,,,,,,,
#351,Castform,0.3 m,0.8 kg,Normal,Unknown,Gray,Final,,,,,,,,,,,,,,,,,,
#345,Lileep,1.0 m,23.8 kg,Rock,Grass,Purple,Cradily,*0.5,*1,*1,*0.5,*1,*2,*2,*1,*1,*1,*1,*2,*1,*1,*1,*1,*2,*1
#350,Milotic,6.2 m,162.0 kg,Water,Unknown,Pink,Final,*1,*0.5,*0.5,*2,*2,*0.5,*1,*1,*1,*1,*1,*1,*1,*1,*1,*1,*0.5,*1
#349,Feebas,0.6 m,7.4 kg,Water,Unknown,Brown,Milotic,*1,*0.5,*0.5,*2,*2,*0.5,*1,*1,*1,*1,*1,*1,*1,*1,*1,*1,*0.5,*1
#348,Armaldo,1.5 m,68.2 kg,Rock,Bug,Gray,Final,*0.5,*1,*2,*1,*1,*1,*1,*0.5,*1,*1,*1,*1,*2,*1,*1,*1,*2,*1
#347,Anorith,0.7 m,12.5 kg,Rock,Bug,Gray,Armaldo,*0.5,*1,*2,*1,*1,*1,*1,*0.5,*1,*1,*1,*1,*2,*1,*1,*1,*2,*1
#346,Cradily,1.5 m,60.4 kg,Rock,Grass,Green,Final,*0.5,*1,*1,*0.5,*1,*2,*2,*1,*1,*1,*1,*2,*1,*1,*1,*1,*2,*1
#343,Baltoy,0.5 m,21.5 kg,Ground,Psychic,Brown,Claydol,*1,*1,*2,*0,*2,*2,*0.5,*0.5,*1,*1,*0.5,*2,*0.5,*2,*1,*2,*1,*1
#341,Corphish,0.6 m,11.5 kg,Water,Unknown,Red,Crawdaunt,*1,*0.5,*0.5,*2,*2,*0.5,*1,*1,*1,*1,*1,*1,*1,*1,*1,*1,*0.5,*1
#339,Barboach,0.4 m,1.9 kg,Water,Ground,Gray,Whiscash,*1,*0.5,*1,*0,*4,*1,*1,*0.5,*1,*1,*1,*1,*0.5,*1,*1,*1,*0.5,*1
#340,Whiscash,0.9 m,23.6 kg,Water,Ground,Blue,Final,*1,*0.5,*1,*0,*4,*1,*1,*0.5,*1,*1,*1,*1,*0.5,*1,*1,*1,*0.5,*1
#337,Lunatone,1.0 m,168.0 kg,Rock,Psychic,Yellow,Final,*0.5,*0.5,*2,*1,*2,*1,*1,*0.5,*2,*0.5,*0.5,*2,*1,*2,*1,*2,*2,*1
#344,Claydol,1.5 m,108.0 kg,Ground,Psychic,Black,Final,*1,*1,*2,*0,*2,*2,*0.5,*0.5,*1,*1,*0.5,*2,*0.5,*2,*1,*2,*1,*1
#342,Crawdaunt,1.1 m,32.8 kg,Water,Dark,Red,Final,*1,*0.5,*0.5,*2,*2,*0.5,*2,*1,*1,*1,*0,*2,*1,*0.5,*1,*0.5,*0.5,*2
#338,Solrock,1.2 m,154.0 kg,Rock,Psychic,Red,Final,*0.5,*0.5,*2,*1,*2,*1,*1,*0.5,*2,*0.5,*0.5,*2,*1,*2,*1,*2,*2,*1
#331,Cacnea,0.4 m,51.3 kg,Grass,Unknown,Green,Cacturne,,,,,,,,,,,,,,,,,,
#336,Seviper,2.7 m,52.5 kg,Poison,Unknown,Black,Final,,,,,,,,,,,,,,,,,,
#330,Flygon,2.0 m,82.0 kg,Ground,Dragon,Green,Final,*1,*0.5,*1,*0,*1,*4,*1,*0.5,*1,*1,*1,*1,*0.5,*1,*2,*1,*1,*2
#335,Zangoose,1.3 m,40.3 kg,Normal,Unknown,White,Final,,,,,,,,,,,,,,,,,,
#333,Swablu,0.4 m,1.2 kg,Normal,Flying,Blue,Altaria,*1,*1,*1,*2,*0.5,*2,*1,*1,*0,*1,*1,*0.5,*2,*0,*1,*1,*1,*1
#334,Altaria,1.1 m,20.6 kg,Dragon,Flying,Blue,Final,*1,*0.5,*0.5,*1,*0.25,*4,*0.5,*1,*0,*1,*1,*0.5,*2,*1,*2,*1,*1,*2
#329,Vibrava,1.1 m,15.3 kg,Ground,Dragon,Green,Flygon,*1,*0.5,*1,*0,*1,*4,*1,*0.5,*1,*1,*1,*1,*0.5,*1,*2,*1,*1,*2
#332,Cacturne,1.3 m,77.4 kg,Grass,Dark,Green,Final,,,,,,,,,,,,,,,,,,
#327,Spinda,1.1 m,5.0 kg,Normal,Unknown,Brown,Final,,,,,,,,,,,,,,,,,,
#326,Grumpig,0.9 m,71.5 kg,Psychic,Unknown,Purple,Final,,,,,,,,,,,,,,,,,,
#325,Spoink,0.7 m,30.6 kg,Psychic,Unknown,Black,Grumpig,,,,,,,,,,,,,,,,,,
#324,Torkoal,0.5 m,80.4 kg,Fire,Unknown,Brown,Final,*1,*0.5,*2,*1,*0.5,*0.5,*1,*1,*2,*1,*1,*0.5,*2,*1,*1,*1,*0.5,*0.5
#323,Camerupt,1.9 m,220.0 kg,Fire,Ground,Red,Final,,,,,,,,,,,,,,,,,,
#322,Numel,0.7 m,24.0 kg,Fire,Ground,Yellow,Camerupt,,,,,,,,,,,,,,,,,,
#321,Wailord,14.5 m,398.0 kg,Water,Unknown,Blue,Final,*1,*0.5,*0.5,*2,*2,*0.5,*1,*1,*1,*1,*1,*1,*1,*1,*1,*1,*0.5,*1
#328,Trapinch,0.7 m,15.0 kg,Ground,Unknown,Brown,Vibrava,*1,*1,*2,*0,*2,*2,*1,*0.5,*1,*1,*1,*1,*0.5,*1,*1,*1,*1,*1
#320,Wailmer,2.0 m,130.0 kg,Water,Unknown,Blue,Wailord,*1,*0.5,*0.5,*2,*2,*0.5,*1,*1,*1,*1,*1,*1,*1,*1,*1,*1,*0.5,*1
#319,Sharpedo,1.8 m,88.8 kg,Water,Dark,Blue,Final,*1,*0.5,*0.5,*2,*2,*0.5,*2,*1,*1,*1,*0,*2,*1,*0.5,*1,*0.5,*0.5,*2
#318,Carvanha,0.8 m,20.8 kg,Water,Dark,Red,Sharpedo,*1,*0.5,*0.5,*2,*2,*0.5,*2,*1,*1,*1,*0,*2,*1,*0.5,*1,*0.5,*0.5,*2
#317,Swalot,1.7 m,80.0 kg,Poison,Unknown,Purple,Final,,,,,,,,,,,,,,,,,,
#316,Gulpin,0.4 m,10.3 kg,Poison,Unknown,Green,Swalot,,,,,,,,,,,,,,,,,,
#315,Roselia,0.3 m,2.0 kg,Grass,Poison,Green,Roserade,*1,*2,*0.5,*0.5,*0.25,*2,*0.5,*1,*1,*2,*2,*1,*1,*1,*1,*1,*1,*0.5
#314,Illumise,0.6 m,17.7 kg,Bug,Unknown,Purple,Final,,,,,,,,,,,,,,,,,,
#313,Volbeat,0.7 m,17.7 kg,Bug,Unknown,Gray,Volbeat,,,,,,,,,,,,,,,,,,
#305,Lairon,0.9 m,120.0 kg,Steel,Rock,Gray,Aggron,*0.25,*1,*2,*1,*1,*0.5,*4,*0,*4,*0.25,*0.5,*0.5,*0.5,*1,*0.5,*1,*1,*0.5
#312,Minun,0.4 m,4.2 kg,Electric,Unknown,Yellow,Final,,,,,,,,,,,,,,,,,,
#311,Plusle,0.4 m,4.2 kg,Electric,Unknown,Yellow,Final,,,,,,,,,,,,,,,,,,
#310,Manectric,1.5 m,40.2 kg,Electric,Unknown,Yellow,Final,*1,*1,*1,*0.5,*1,*1,*1,*1,*2,*0.5,*1,*1,*1,*1,*1,*1,*0.5,*1
#309,Electrike,0.6 m,15.2 kg,Electric,Unknown,Green,Manectric,*1,*1,*1,*0.5,*1,*1,*1,*1,*2,*0.5,*1,*1,*1,*1,*1,*1,*0.5,*1
#308,Medicham,1.3 m,31.5 kg,Fighting,Psychic,Red,Final,,,,,,,,,,,,,,,,,,
#307,Meditite,0.6 m,11.2 kg,Fighting,Psychic,Blue,Medicham,,,,,,,,,,,,,,,,,,
#306,Aggron,2.1 m,360.0 kg,Steel,Rock,Gray,Final,*0.25,*1,*2,*1,*1,*0.5,*4,*0,*4,*0.25,*0.5,*0.5,*0.5,*1,*0.5,*1,*1,*0.5
#304,Aron,0.4 m,60.0 kg,Steel,Rock,Gray,Lairon,*0.25,*1,*2,*1,*1,*0.5,*4,*0,*4,*0.25,*0.5,*0.5,*0.5,*1,*0.5,*1,*1,*0.5
#303,Mawile,0.6 m,11.5 kg,Steel,Fairy,Black,Final,*0.5,*2,*1,*1,*0.5,*0.5,*1,*0,*2,*0.5,*0.5,*0.25,*0.5,*1,*0,*0.5,*1,*0.5
#302,Sableye,0.5 m,11.0 kg,Dark,Ghost,Purple,Final,*0,*1,*1,*1,*1,*1,*0,*0.5,*1,*1,*0,*1,*1,*1,*1,*1,*1,*2
#301,Delcatty,1.1 m,32.6 kg,Normal,Unknown,Purple,Final,,,,,,,,,,,,,,,,,,
#299,Nosepass,1.0 m,97.0 kg,Rock,Unknown,Gray,Probopass,,,,,,,,,,,,,,,,,,
#300,Skitty,0.6 m,11.0 kg,Normal,Unknown,Pink,Delcatty,,,,,,,,,,,,,,,,,,
#298,Azurill,0.2 m,2.0 kg,Normal,Fairy,Blue,Marill,*1,*1,*1,*1,*1,*1,*1,*2,*1,*1,*1,*0.5,*1,*0,*0,*0.5,*2,*1
#297,Hariyama,2.3 m,253.8 kg,Fighting,Unknown,Brown,Final,,,,,,,,,,,,,,,,,,
#296,Makuhita,1.0 m,86.4 kg,Fighting,Unknown,Yellow,Hariyama,,,,,,,,,,,,,,,,,,
#295,Exploud,1.5 m,84.0 kg,Normal,Unknown,Blue,Final,*1,*1,*1,*1,*1,*1,*2,*1,*1,*1,*1,*1,*1,*0,*1,*1,*1,*1
#294,Loudred,1.0 m,40.5 kg,Normal,Unknown,Blue,Exploud,*1,*1,*1,*1,*1,*1,*2,*1,*1,*1,*1,*1,*1,*0,*1,*1,*1,*1
#293,Whismur,0.6 m,16.3 kg,Normal,Unknown,Pink,Loudred,*1,*1,*1,*1,*1,*1,*2,*1,*1,*1,*1,*1,*1,*0,*1,*1,*1,*1
#292,Shedinja,0.8 m,1.2 kg,Bug,Ghost,Brown,Ninjask,*0,*2,*1,*1,*0.5,*1,*0,*0.5,*0.5,*2,*1,*0.5,*2,*2,*1,*2,*1,*1
#291,Ninjask,0.8 m,12.0 kg,Bug,Flying,Yellow,Final,*1,*2,*1,*2,*0.25,*2,*0.25,*1,*0,*2,*1,*0.5,*4,*1,*1,*1,*1,*1
#290,Nincada,0.5 m,5.5 kg,Bug,Ground,Gray,Ninjask,*1,*2,*2,*0,*1,*2,*0.5,*0.5,*0.5,*2,*1,*1,*1,*1,*1,*1,*1,*1
#289,Slaking,2.0 m,130.5 kg,Normal,Unknown,Brown,Final,,,,,,,,,,,,,,,,,,
#287,Slakoth,0.8 m,24.0 kg,Normal,Unknown,Brown,Vigoroth,,,,,,,,,,,,,,,,,,
#286,Breloom,1.2 m,39.2 kg,Grass,Fighting,Green,Final,,,,,,,,,,,,,,,,,,
#285,Shroomish,0.4 m,4.5 kg,Grass,Unknown,Brown,Breloom,,,,,,,,,,,,,,,,,,
#284,Masquerain,0.8 m,3.6 kg,Bug,Flying,Blue,Final,,,,,,,,,,,,,,,,,,
#282,Gardevoir,1.6 m,48.4 kg,Psychic,Fairy,White,Final,*1,*1,*1,*1,*1,*1,*0.25,*2,*1,*1,*0.5,*1,*1,*2,*0,*1,*2,*1
#288,Vigoroth,1.4 m,46.5 kg,Normal,Unknown,White,Slaking,,,,,,,,,,,,,,,,,,
#283,Surskit,0.5 m,1.7 kg,Bug,Water,Blue,Masquerain,,,,,,,,,,,,,,,,,,
#281,Kirlia,0.8 m,20.2 kg,Psychic,Fairy,White,Gardevoir;Gallade,*1,*1,*1,*1,*1,*1,*0.25,*2,*1,*1,*0.5,*1,*1,*2,*0,*1,*2,*1
#275,Shiftry,1.3 m,59.6 kg,Grass,Dark,Brown,Final,*1,*2,*0.5,*0.5,*0.5,*2,*2,*2,*0.5,*2,*0,*4,*1,*0.5,*1,*0.5,*1,*2
#280,Ralts,0.4 m,6.6 kg,Psychic,Fairy,White,Kirlia,*1,*1,*1,*1,*1,*1,*0.25,*2,*1,*1,*0.5,*1,*1,*2,*0,*1,*2,*1
#279,Pelipper,1.2 m,28.0 kg,Water,Flying,Yellow,Final,*1,*0.5,*0.5,*4,*1,*1,*0.5,*1,*0,*1,*1,*0.5,*2,*1,*1,*1,*0.5,*1
#278,Wingull,0.6 m,9.5 kg,Water,Flying,White,Pelipper,*1,*0.5,*0.5,*4,*1,*1,*0.5,*1,*0,*1,*1,*0.5,*2,*1,*1,*1,*0.5,*1
#277,Swellow,0.7 m,19.8 kg,Normal,Flying,Blue,Final,,,,,,,,,,,,,,,,,,
#274,Nuzleaf,1.0 m,28.0 kg,Grass,Dark,Brown,Shiftry,*1,*2,*0.5,*0.5,*0.5,*2,*2,*2,*0.5,*2,*0,*4,*1,*0.5,*1,*0.5,*1,*2
#273,Seedot,0.5 m,4.0 kg,Grass,Unknown,Brown,Nuzleaf,*1,*2,*0.5,*0.5,*0.5,*2,*1,*2,*0.5,*2,*1,*2,*1,*1,*1,*1,*1,*1
#276,Taillow,0.3 m,2.3 kg,Normal,Flying,Blue,Swellow,,,,,,,,,,,,,,,,,,
#272,Ludicolo,1.5 m,55.0 kg,Water,Grass,Green,Final,*1,*1,*0.25,*1,*1,*1,*1,*2,*0.5,*2,*1,*2,*1,*1,*1,*1,*0.5,*1
#270,Lotad,0.5 m,2.6 kg,Water,Grass,Green,Lombre,*1,*1,*0.25,*1,*1,*1,*1,*2,*0.5,*2,*1,*2,*1,*1,*1,*1,*0.5,*1
#269,Dustox,1.2 m,31.6 kg,Bug,Poison,Green,Final,,,,,,,,,,,,,,,,,,
#268,Cascoon,0.7 m,11.5 kg,Bug,Unknown,Purple,Dustox,,,,,,,,,,,,,,,,,,
#267,Beautifly,1.0 m,28.4 kg,Bug,Flying,Yellow,Final,,,,,,,,,,,,,,,,,,
#266,Silcoon,0.6 m,10.0 kg,Bug,Unknown,White,Beautifly,,,,,,,,,,,,,,,,,,
#265,Wurmple,0.3 m,3.6 kg,Bug,Unknown,Red,Cascoon,,,,,,,,,,,,,,,,,,
#271,Lombre,1.2 m,32.5 kg,Water,Grass,Green,Ludicolo,*1,*1,*0.25,*1,*1,*1,*1,*2,*0.5,*2,*1,*2,*1,*1,*1,*1,*0.5,*1
#264,Linoone,0.5 m,32.5 kg,Normal,Unknown,White,Obstagoon,*1,*1,*1,*1,*1,*1,*2,*1,*1,*1,*1,*1,*1,*0,*1,*1,*1,*1
#257,Blaziken,1.9 m,52.0 kg,Fire,Fighting,Red,Final,*1,*0.5,*2,*1,*0.5,*0.5,*1,*1,*2,*2,*2,*0.25,*1,*1,*1,*0.5,*0.5,*1
#263,Zigzagoon,0.4 m,17.5 kg,Normal,Unknown,Brown,Galarian Linoone;Linoone,*1,*1,*1,*1,*1,*1,*2,*1,*1,*1,*1,*1,*1,*0,*1,*1,*1,*1
#261,Poochyena,0.5 m,13.6 kg,Dark,Unknown,Gray,Mightyena,,,,,,,,,,,,,,,,,,
#262,Mightyena,1.0 m,37.0 kg,Dark,Unknown,Gray,Final,,,,,,,,,,,,,,,,,,
#260,Swampert,1.5 m,81.9 kg,Water,Ground,Blue,Final,*1,*0.5,*1,*0,*4,*1,*1,*0.5,*1,*1,*1,*1,*0.5,*1,*1,*1,*0.5,*1
#259,Marshtomp,0.7 m,28.0 kg,Water,Ground,Blue,Swampert,*1,*0.5,*1,*0,*4,*1,*1,*0.5,*1,*1,*1,*1,*0.5,*1,*1,*1,*0.5,*1
#258,Mudkip,0.4 m,7.6 kg,Water,Unknown,Blue,Marshtomp,*1,*0.5,*0.5,*2,*2,*0.5,*1,*1,*1,*1,*1,*1,*1,*1,*1,*1,*0.5,*1
#255,Torchic,0.4 m,2.5 kg,Fire,Unknown,Red,Combusken,*1,*0.5,*2,*1,*0.5,*0.5,*1,*1,*2,*1,*1,*0.5,*2,*1,*1,*1,*0.5,*0.5
#254,Sceptile,1.7 m,52.2 kg,Grass,Unknown,Green,Final,*1,*2,*0.5,*0.5,*0.5,*2,*1,*2,*0.5,*2,*1,*2,*1,*1,*1,*1,*1,*1
#253,Grovyle,0.9 m,21.6 kg,Grass,Unknown,Green,Sceptile,*1,*2,*0.5,*0.5,*0.5,*2,*1,*2,*0.5,*2,*1,*2,*1,*1,*1,*1,*1,*1
#252,Treecko,0.5 m,5.0 kg,Grass,Unknown,Green,Grovyle,*1,*2,*0.5,*0.5,*0.5,*2,*1,*2,*0.5,*2,*1,*2,*1,*1,*1,*1,*1,*1
#250,Ho-Oh,3.8 m,199.0 kg,Fire,Flying,Red,Final,*1,*0.5,*2,*2,*0.25,*1,*0.5,*1,*0,*1,*1,*0.25,*4,*1,*1,*1,*0.5,*0.5
#251,Celebi,0.6 m,5.0 kg,Psychic,Grass,Green,Final,*1,*2,*0.5,*0.5,*0.5,*2,*0.5,*2,*0.5,*2,*0.5,*4,*1,*2,*1,*2,*1,*1
#249,Lugia,5.2 m,216.0 kg,Psychic,Flying,White,Final,*1,*1,*1,*2,*0.5,*2,*0.25,*1,*0,*1,*0.5,*1,*2,*2,*1,*2,*1,*1
#256,Combusken,0.9 m,19.5 kg,Fire,Fighting,Red,Blaziken,*1,*0.5,*2,*1,*0.5,*0.5,*1,*1,*2,*2,*2,*0.25,*1,*1,*1,*0.5,*0.5,*1
#247,Pupitar,1.2 m,152.0 kg,Rock,Ground,Gray,Tyranitar,*0.5,*0.5,*4,*0,*4,*2,*2,*0.25,*2,*0.5,*1,*1,*0.5,*1,*1,*1,*2,*1
#246,Larvitar,0.6 m,72.0 kg,Rock,Ground,Green,Pupitar,*0.5,*0.5,*4,*0,*4,*2,*2,*0.25,*2,*0.5,*1,*1,*0.5,*1,*1,*1,*2,*1
#244,Entei,2.1 m,198.0 kg,Fire,Unknown,Brown,Final,*1,*0.5,*2,*1,*0.5,*0.5,*1,*1,*2,*1,*1,*0.5,*2,*1,*1,*1,*0.5,*0.5
#242,Blissey,1.5 m,46.8 kg,Normal,Unknown,Pink,Final,*1,*1,*1,*1,*1,*1,*2,*1,*1,*1,*1,*1,*1,*0,*1,*1,*1,*1
#241,Miltank,1.2 m,75.5 kg,Normal,Unknown,Pink,Final,*1,*1,*1,*1,*1,*1,*2,*1,*1,*1,*1,*1,*1,*0,*1,*1,*1,*1
#248,Tyranitar,2.0 m,202.0 kg,Rock,Dark,Green,Final,*0.5,*0.5,*2,*1,*2,*1,*4,*0.5,*2,*0.5,*0,*2,*1,*0.5,*1,*0.5,*2,*2
#245,Suicune,2.0 m,187.0 kg,Water,Unknown,Blue,Final,*1,*0.5,*0.5,*2,*2,*0.5,*1,*1,*1,*1,*1,*1,*1,*1,*1,*1,*0.5,*1
#243,Raikou,1.9 m,178.0 kg,Electric,Unknown,Yellow,Final,*1,*1,*1,*0.5,*1,*1,*1,*1,*2,*0.5,*1,*1,*1,*1,*1,*1,*0.5,*1
#236,Tyrogue,0.7 m,21.0 kg,Fighting,Unknown,Purple,Final,*1,*1,*1,*1,*1,*1,*1,*1,*1,*2,*2,*0.5,*0.5,*1,*1,*0.5,*1,*2
#235,Smeargle,1.2 m,58.0 kg,Normal,Unknown,White,Final,,,,,,,,,,,,,,,,,,
#240,Magby,0.7 m,21.4 kg,Fire,Unknown,Red,Magmar,*1,*0.5,*2,*1,*0.5,*0.5,*1,*1,*2,*1,*1,*0.5,*2,*1,*1,*1,*0.5,*0.5
#239,Elekid,0.6 m,23.5 kg,Electric,Unknown,Yellow,Electabuzz,*1,*1,*1,*0.5,*1,*1,*1,*1,*2,*0.5,*1,*1,*1,*1,*1,*1,*0.5,*1
#234,Stantler,1.4 m,71.2 kg,Normal,Unknown,Brown,Final,,,,,,,,,,,,,,,,,,
#238,Smoochum,0.4 m,6.0 kg,Ice,Psychic,Pink,Jynx,*1,*2,*1,*1,*1,*0.5,*1,*1,*1,*1,*0.5,*2,*2,*2,*1,*2,*2,*1
#233,Porygon2,0.6 m,32.5 kg,Normal,Unknown,Red,Porygon-Z,*1,*1,*1,*1,*1,*1,*2,*1,*1,*1,*1,*1,*1,*0,*1,*1,*1,*1
#237,Hitmontop,1.4 m,48.0 kg,Fighting,Unknown,Brown,Final,*1,*1,*1,*1,*1,*1,*1,*1,*1,*2,*2,*0.5,*0.5,*1,*1,*0.5,*1,*2
#231,Phanpy,0.5 m,33.5 kg,Ground,Unknown,Blue,Donphan,,,,,,,,,,,,,,,,,,
#230,Kingdra,1.8 m,152.0 kg,Water,Dragon,Blue,Final,*1,*0.25,*0.25,*1,*1,*1,*1,*1,*1,*1,*1,*1,*1,*1,*2,*1,*0.5,*2
#228,Houndour,0.6 m,10.8 kg,Dark,Fire,Black,Houndoom,,,,,,,,,,,,,,,,,,
#229,Houndoom,1.4 m,35.0 kg,Dark,Fire,Black,Final,,,,,,,,,,,,,,,,,,
#226,Mantine,2.1 m,220.0 kg,Water,Flying,Purple,Final,*1,*0.5,*0.5,*4,*1,*1,*0.5,*1,*0,*1,*1,*0.5,*2,*1,*1,*1,*0.5,*1
#232,Donphan,1.1 m,120.0 kg,Ground,Unknown,Gray,Final,,,,,,,,,,,,,,,,,,
#227,Skarmory,1.7 m,50.5 kg,Steel,Flying,Gray,Final,*0.5,*2,*1,*2,*0.25,*1,*1,*0,*0,*0.5,*0.5,*0.25,*1,*1,*0.5,*1,*0.5,*0.5
#225,Delibird,0.9 m,16.0 kg,Ice,Flying,Red,Final,*1,*2,*1,*2,*0.5,*1,*1,*1,*0,*1,*1,*0.5,*4,*1,*1,*1,*2,*1
#224,Octillery,0.9 m,28.5 kg,Water,Unknown,Red,Final,*1,*0.5,*0.5,*2,*2,*0.5,*1,*1,*1,*1,*1,*1,*1,*1,*1,*1,*0.5,*1
#218,Slugma,0.7 m,35.0 kg,Fire,Unknown,Red,Magcargo,,,,,,,,,,,,,,,,,,
#223,Remoraid,0.6 m,12.0 kg,Water,Unknown,Gray,Octillery,*1,*0.5,*0.5,*2,*2,*0.5,*1,*1,*1,*1,*1,*1,*1,*1,*1,*1,*0.5,*1
#221,Piloswine,1.1 m,55.8 kg,Ice,Ground,Brown,Mamoswine,*1,*2,*2,*0,*2,*1,*2,*0.5,*1,*1,*1,*1,*1,*1,*1,*1,*2,*1
#220,Swinub,0.4 m,6.5 kg,Ice,Ground,Brown,Piloswine,*1,*2,*2,*0,*2,*1,*2,*0.5,*1,*1,*1,*1,*1,*1,*1,*1,*2,*1
#219,Magcargo,0.8 m,55.0 kg,Fire,Rock,Red,Final,,,,,,,,,,,,,,,,,,
#217,Ursaring,1.8 m,125.8 kg,Normal,Unknown,Brown,Final,,,,,,,,,,,,,,,,,,
#211,Qwilfish,0.5 m,3.9 kg,Water,Poison,Gray,Final,*1,*0.5,*0.5,*2,*1,*0.5,*0.5,*0.5,*2,*1,*2,*0.5,*1,*1,*1,*1,*0.5,*0.5
#216,Teddiursa,0.6 m,8.8 kg,Normal,Unknown,Brown,Ursaring,,,,,,,,,,,,,,,,,,
#222,Corsola,0.6 m,5.0 kg,Water,Rock,Pink,Cursola,*0.5,*0.25,*1,*2,*4,*0.5,*2,*0.5,*2,*0.5,*1,*1,*1,*1,*1,*1,*1,*1
#214,Heracross,1.5 m,54.0 kg,Bug,Fighting,Blue,Final,*1,*2,*1,*1,*0.5,*1,*0.5,*1,*0.5,*4,*2,*0.5,*1,*1,*1,*0.5,*1,*2
#215,Sneasel,0.9 m,28.0 kg,Dark,Ice,Black,Weavile,*1,*2,*1,*1,*1,*0.5,*4,*1,*1,*1,*0,*2,*2,*0.5,*1,*0.5,*2,*2
#210,Granbull,1.4 m,48.7 kg,Fairy,Unknown,Purple,Final,,,,,,,,,,,,,,,,,,
#209,Snubbull,0.6 m,7.8 kg,Fairy,Unknown,Pink,Granbull,,,,,,,,,,,,,,,,,,
#208,Steelix,9.2 m,400.0 kg,Steel,Ground,Gray,Final,*0.5,*2,*2,*0,*1,*1,*2,*0,*2,*0.5,*0.5,*0.5,*0.25,*1,*0.5,*1,*0.5,*0.5
#206,Dunsparce,1.5 m,14.0 kg,Normal,Unknown,Yellow,Final,*1,*1,*1,*1,*1,*1,*2,*1,*1,*1,*1,*1,*1,*0,*1,*1,*1,*1
#207,Gligar,1.1 m,64.8 kg,Ground,Flying,Purple,Gliscor,,,,,,,,,,,,,,,,,,
#213,Shuckle,0.6 m,20.5 kg,Bug,Rock,Yellow,Final,*0.5,*1,*2,*1,*1,*1,*1,*0.5,*1,*1,*1,*1,*2,*1,*1,*1,*2,*1
#205,Forretress,1.2 m,125.8 kg,Bug,Steel,Purple,Final,,,,,,,,,,,,,,,,,,
#204,Pineco,0.6 m,7.2 kg,Bug,Unknown,Gray,Forretress,,,,,,,,,,,,,,,,,,
#212,Scizor,1.8 m,118.0 kg,Bug,Steel,Red,Final,*0.5,*4,*1,*1,*0.25,*0.5,*1,*0,*1,*1,*0.5,*0.5,*1,*1,*0.5,*1,*0.5,*0.5
#202,Wobbuffet,1.3 m,28.5 kg,Psychic,Unknown,Blue,Final,*1,*1,*1,*1,*1,*1,*0.5,*1,*1,*1,*0.5,*2,*1,*2,*1,*2,*1,*1
#203,Girafarig,1.5 m,41.5 kg,Normal,Psychic,Yellow,Final,,,,,,,,,,,,,,,,,,
#200,Misdreavus,0.7 m,1.0 kg,Ghost,Unknown,Gray,Mismagius,,,,,,,,,,,,,,,,,,
#199,Slowking,2.0 m,79.5 kg,Water,Psychic,Pink,Final,*1,*0.5,*0.5,*2,*2,*0.5,*0.5,*1,*1,*1,*0.5,*2,*1,*2,*1,*2,*0.5,*1
#195,Quagsire,1.4 m,75.0 kg,Water,Ground,Blue,Final,*1,*0.5,*1,*0,*4,*1,*1,*0.5,*1,*1,*1,*1,*0.5,*1,*1,*1,*0.5,*1
#201,Unown,0.5 m,5.0 kg,Psychic,Unknown,Black,Final,,,,,,,,,,,,,,,,,,
#198,Murkrow,0.5 m,2.1 kg,Dark,Flying,Black,Honchkrow,,,,,,,,,,,,,,,,,,
#197,Umbreon,1.0 m,27.0 kg,Dark,Unknown,Black,Final,*1,*1,*1,*1,*1,*1,*2,*1,*1,*1,*0,*2,*1,*0.5,*1,*0.5,*1,*2
#194,Wooper,0.4 m,8.5 kg,Water,Ground,Blue,Quagsire,*1,*0.5,*1,*0,*4,*1,*1,*0.5,*1,*1,*1,*1,*0.5,*1,*1,*1,*0.5,*1
#196,Espeon,0.9 m,26.5 kg,Psychic,Unknown,Purple,Final,*1,*1,*1,*1,*1,*1,*0.5,*1,*1,*1,*0.5,*2,*1,*2,*1,*2,*1,*1
#193,Yanma,1.2 m,38.0 kg,Bug,Flying,Red,Yanmega,,,,,,,,,,,,,,,,,,
#187,Hoppip,0.4 m,0.5 kg,Grass,Flying,Pink,Skiploom,,,,,,,,,,,,,,,,,,
#191,Sunkern,0.3 m,1.8 kg,Grass,Unknown,Yellow,Sunflora,,,,,,,,,,,,,,,,,,
#190,Aipom,0.8 m,11.5 kg,Normal,Unknown,Purple,Ambipom,,,,,,,,,,,,,,,,,,
#189,Jumpluff,0.8 m,3.0 kg,Grass,Flying,Blue,Final,,,,,,,,,,,,,,,,,,
#185,Sudowoodo,1.2 m,38.0 kg,Rock,Unknown,Brown,Final,*0.5,*0.5,*2,*1,*2,*1,*2,*0.5,*2,*0.5,*1,*1,*1,*1,*1,*1,*2,*1
#192,Sunflora,0.8 m,8.5 kg,Grass,Unknown,Yellow,Final,,,,,,,,,,,,,,,,,,
#186,Politoed,1.1 m,33.9 kg,Water,Unknown,Green,Final,*1,*0.5,*0.5,*2,*2,*0.5,*1,*1,*1,*1,*1,*1,*1,*1,*1,*1,*0.5,*1
#188,Skiploom,0.6 m,1.0 kg,Grass,Flying,Green,Jumpluff,,,,,,,,,,,,,,,,,,
#184,Azumarill,0.8 m,28.5 kg,Water,Fairy,Blue,Final,*1,*0.5,*0.5,*2,*2,*0.5,*0.5,*2,*1,*1,*1,*0.5,*1,*1,*0,*0.5,*1,*1
#182,Bellossom,0.4 m,5.8 kg,Grass,Unknown,Green,Final,*1,*2,*0.5,*0.5,*0.5,*2,*1,*2,*0.5,*2,*1,*2,*1,*1,*1,*1,*1,*1
#181,Ampharos,1.4 m,61.5 kg,Electric,Unknown,Yellow,Final,,,,,,,,,,,,,,,,,,
#180,Flaaffy,0.8 m,13.3 kg,Electric,Unknown,Pink,Ampharos,,,,,,,,,,,,,,,,,,
#178,Xatu,1.5 m,15.0 kg,Psychic,Flying,Green,Final,*1,*1,*1,*2,*0.5,*2,*0.25,*1,*0,*1,*0.5,*1,*2,*2,*1,*2,*1,*1
#177,Natu,0.2 m,2.0 kg,Psychic,Flying,Green,Xatu,*1,*1,*1,*2,*0.5,*2,*0.25,*1,*0,*1,*0.5,*1,*2,*2,*1,*2,*1,*1
#183,Marill,0.4 m,8.5 kg,Water,Fairy,Blue,Azumarill,*1,*0.5,*0.5,*2,*2,*0.5,*0.5,*2,*1,*1,*1,*0.5,*1,*1,*0,*0.5,*1,*1
#175,Togepi,0.3 m,1.5 kg,Fairy,Unknown,White,Togetic,*1,*1,*1,*1,*1,*1,*0.5,*2,*1,*1,*1,*0.5,*1,*1,*0,*0.5,*2,*1
#174,Igglybuff,0.3 m,1.0 kg,Normal,Fairy,Pink,Jigglypuff,*1,*1,*1,*1,*1,*1,*1,*2,*1,*1,*1,*0.5,*1,*0,*0,*0.5,*2,*1
#173,Cleffa,0.3 m,3.0 kg,Fairy,Unknown,Pink,Clefairy,*1,*1,*1,*1,*1,*1,*0.5,*2,*1,*1,*1,*0.5,*1,*1,*0,*0.5,*2,*1
#172,Pichu,0.3 m,2.0 kg,Electric,Unknown,Yellow,Pikachu,*1,*1,*1,*0.5,*1,*1,*1,*1,*2,*0.5,*1,*1,*1,*1,*1,*1,*0.5,*1
#176,Togetic,0.6 m,3.2 kg,Fairy,Flying,White,Togekiss,*1,*1,*1,*2,*0.5,*2,*0.25,*2,*0,*1,*1,*0.25,*2,*1,*0,*0.5,*2,*1
#179,Mareep,0.6 m,7.8 kg,Electric,Unknown,White,Flaaffy,,,,,,,,,,,,,,,,,,
#171,Lanturn,1.2 m,22.5 kg,Water,Electric,Blue,Final,*1,*0.5,*0.5,*1,*2,*0.5,*1,*1,*2,*0.5,*1,*1,*1,*1,*1,*1,*0.25,*1
#170,Chinchou,0.5 m,12.0 kg,Water,Electric,Blue,Lanturn,*1,*0.5,*0.5,*1,*2,*0.5,*1,*1,*2,*0.5,*1,*1,*1,*1,*1,*1,*0.25,*1
#169,Crobat,1.8 m,75.0 kg,Poison,Flying,Purple,Final,*1,*1,*1,*2,*0.25,*2,*0.25,*0.5,*0,*1,*2,*0.25,*2,*1,*1,*1,*1,*0.5
#165,Ledyba,1.0 m,10.8 kg,Bug,Flying,Red,Ledian,,,,,,,,,,,,,,,,,,
#162,Furret,1.8 m,32.5 kg,Normal,Unknown,Brown,Final,,,,,,,,,,,,,,,,,,
#161,Sentret,0.8 m,6.0 kg,Normal,Unknown,Brown,Furret,,,,,,,,,,,,,,,,,,
#168,Ariados,1.1 m,33.5 kg,Bug,Poison,Red,Final,,,,,,,,,,,,,,,,,,
#167,Spinarak,0.5 m,8.5 kg,Bug,Poison,Green,Ariados,,,,,,,,,,,,,,,,,,
#166,Ledian,1.4 m,35.6 kg,Bug,Flying,Red,Final,,,,,,,,,,,,,,,,,,
#163,Hoothoot,0.7 m,21.2 kg,Normal,Flying,Brown,Noctowl,*1,*1,*1,*2,*0.5,*2,*1,*1,*0,*1,*1,*0.5,*2,*0,*1,*1,*1,*1
#164,Noctowl,1.6 m,40.8 kg,Normal,Flying,Brown,Final,*1,*1,*1,*2,*0.5,*2,*1,*1,*0,*1,*1,*0.5,*2,*0,*1,*1,*1,*1
#159,Croconaw,1.1 m,25.0 kg,Water,Unknown,Blue,Feraligatr,,,,,,,,,,,,,,,,,,
#160,Feraligatr,2.3 m,88.8 kg,Water,Unknown,Blue,Final,,,,,,,,,,,,,,,,,,
#158,Totodile,0.6 m,9.5 kg,Water,Unknown,Blue,Croconaw,,,,,,,,,,,,,,,,,,
#157,Typhlosion,1.7 m,79.5 kg,Fire,Unknown,Yellow,Final,,,,,,,,,,,,,,,,,,
#153,Bayleef,1.2 m,15.8 kg,Grass,Unknown,Green,Meganium,,,,,,,,,,,,,,,,,,
#155,Cyndaquil,0.5 m,7.9 kg,Fire,Unknown,Yellow,Quilava,,,,,,,,,,,,,,,,,,
#154,Meganium,1.8 m,100.5 kg,Grass,Unknown,Green,Final,,,,,,,,,,,,,,,,,,
#156,Quilava,0.9 m,19.0 kg,Fire,Unknown,Yellow,Typhlosion,,,,,,,,,,,,,,,,,,
#152,Chikorita,0.9 m,6.4 kg,Grass,Unknown,Green,Bayleef,,,,,,,,,,,,,,,,,,
#150,Mewtwo,2.0 m,122.0 kg,Psychic,Unknown,Purple,Final,*1,*1,*1,*1,*1,*1,*0.5,*1,*1,*1,*0.5,*2,*1,*2,*1,*2,*1,*1
#149,Dragonite,2.2 m,210.0 kg,Dragon,Flying,Brown,Final,*1,*0.5,*0.5,*1,*0.25,*4,*0.5,*1,*0,*1,*1,*0.5,*2,*1,*2,*1,*1,*2
#148,Dragonair,4.0 m,16.5 kg,Dragon,Unknown,Blue,Dragonite,*1,*0.5,*0.5,*0.5,*0.5,*2,*1,*1,*1,*1,*1,*1,*1,*1,*2,*1,*1,*2
#147,Dratini,1.8 m,3.3 kg,Dragon,Unknown,Blue,Dragonair,*1,*0.5,*0.5,*0.5,*0.5,*2,*1,*1,*1,*1,*1,*1,*1,*1,*2,*1,*1,*2
#146,Moltres,2.0 m,60.0 kg,Fire,Flying,Yellow,Final,*1,*0.5,*2,*2,*0.25,*1,*0.5,*1,*0,*1,*1,*0.25,*4,*1,*1,*1,*0.5,*0.5
#151,Mew,0.4 m,4.0 kg,Psychic,Unknown,Pink,Final,*1,*1,*1,*1,*1,*1,*0.5,*1,*1,*1,*0.5,*2,*1,*2,*1,*2,*1,*1
#145,Zapdos,1.6 m,52.6 kg,Electric,Flying,Yellow,Final,*1,*1,*1,*1,*0.5,*2,*0.5,*1,*0,*0.5,*1,*0.5,*2,*1,*1,*1,*0.5,*1
#138,Omanyte,0.4 m,7.5 kg,Rock,Water,Blue,Omastar,*0.5,*0.25,*1,*2,*4,*0.5,*2,*0.5,*2,*0.5,*1,*1,*1,*1,*1,*1,*1,*1
#137,Porygon,0.8 m,36.5 kg,Normal,Unknown,Pink,Porygon2,*1,*1,*1,*1,*1,*1,*2,*1,*1,*1,*1,*1,*1,*0,*1,*1,*1,*1
#143,Snorlax,2.1 m,460.0 kg,Normal,Unknown,Black,Final,*1,*1,*1,*1,*1,*1,*2,*1,*1,*1,*1,*1,*1,*0,*1,*1,*1,*1
#142,Aerodactyl,1.8 m,59.0 kg,Rock,Flying,Purple,Final,*0.5,*0.5,*2,*2,*1,*2,*1,*0.5,*0,*0.5,*1,*0.5,*2,*1,*1,*1,*2,*1
#144,Articuno,1.7 m,55.4 kg,Ice,Flying,Blue,Final,*1,*2,*1,*2,*0.5,*1,*1,*1,*0,*1,*1,*0.5,*4,*1,*1,*1,*2,*1
#141,Kabutops,1.3 m,40.5 kg,Rock,Water,Brown,Final,*0.5,*0.25,*1,*2,*4,*0.5,*2,*0.5,*2,*0.5,*1,*1,*1,*1,*1,*1,*1,*1
#140,Kabuto,0.5 m,11.5 kg,Rock,Water,Brown,Kabutops,*0.5,*0.25,*1,*2,*4,*0.5,*2,*0.5,*2,*0.5,*1,*1,*1,*1,*1,*1,*1,*1
#139,Omastar,1.0 m,35.0 kg,Rock,Water,Blue,Final,*0.5,*0.25,*1,*2,*4,*0.5,*2,*0.5,*2,*0.5,*1,*1,*1,*1,*1,*1,*1,*1
#136,Flareon,0.9 m,25.0 kg,Fire,Unknown,Red,Final,*1,*0.5,*2,*1,*0.5,*0.5,*1,*1,*2,*1,*1,*0.5,*2,*1,*1,*1,*0.5,*0.5
#135,Jolteon,0.8 m,24.5 kg,Electric,Unknown,Yellow,Final,*1,*1,*1,*0.5,*1,*1,*1,*1,*2,*0.5,*1,*1,*1,*1,*1,*1,*0.5,*1
#132,Ditto,0.3 m,4.0 kg,Normal,Unknown,Purple,Final,*1,*1,*1,*1,*1,*1,*2,*1,*1,*1,*1,*1,*1,*0,*1,*1,*1,*1
#128,Tauros,1.4 m,88.4 kg,Normal,Unknown,Brown,Final,*1,*1,*1,*1,*1,*1,*2,*1,*1,*1,*1,*1,*1,*0,*1,*1,*1,*1
#134,Vaporeon,1.0 m,29.0 kg,Water,Unknown,Blue,Final,*1,*0.5,*0.5,*2,*2,*0.5,*1,*1,*1,*1,*1,*1,*1,*1,*1,*1,*0.5,*1
#133,Eevee,0.3 m,6.5 kg,Normal,Unknown,Brown,Vaporeon;Glaceon;Jolteon;Flareon;Umbreon;Leafeon;Sylveon;Espeon,*1,*1,*1,*1,*1,*1,*2,*1,*1,*1,*1,*1,*1,*0,*1,*1,*1,*1
#127,Pinsir,1.5 m,55.0 kg,Bug,Unknown,Brown,Final,*1,*2,*1,*1,*0.5,*1,*0.5,*1,*0.5,*2,*1,*1,*2,*1,*1,*1,*1,*1
#131,Lapras,2.5 m,220.0 kg,Water,Ice,Blue,Final,*1,*1,*0.5,*2,*2,*0.25,*2,*1,*1,*1,*1,*1,*2,*1,*1,*1,*1,*1
#129,Magikarp,0.9 m,10.0 kg,Water,Unknown,Red,Gyarados,*1,*0.5,*0.5,*2,*2,*0.5,*1,*1,*1,*1,*1,*1,*1,*1,*1,*1,*0.5,*1
#130,Gyarados,6.5 m,235.0 kg,Water,Flying,Blue,Final,*1,*0.5,*0.5,*4,*1,*1,*0.5,*1,*0,*1,*1,*0.5,*2,*1,*1,*1,*0.5,*1
#125,Electabuzz,1.1 m,30.0 kg,Electric,Unknown,Yellow,Electivire,*1,*1,*1,*0.5,*1,*1,*1,*1,*2,*0.5,*1,*1,*1,*1,*1,*1,*0.5,*1
#124,Jynx,1.4 m,40.6 kg,Ice,Psychic,Red,Final,*1,*2,*1,*1,*1,*0.5,*1,*1,*1,*1,*0.5,*2,*2,*2,*1,*2,*2,*1
#123,Scyther,1.5 m,56.0 kg,Bug,Flying,Green,Scizor,*1,*2,*1,*2,*0.25,*2,*0.25,*1,*0,*2,*1,*0.5,*4,*1,*1,*1,*1,*1
#122,Mr. Mime,1.3 m,54.5 kg,Psychic,Fairy,Pink,Mr. Rime,*1,*1,*1,*1,*1,*1,*0.25,*2,*1,*1,*0.5,*1,*1,*2,*0,*1,*2,*1
#121,Starmie,1.1 m,80.0 kg,Water,Psychic,Purple,Final,*1,*0.5,*0.5,*2,*2,*0.5,*0.5,*1,*1,*1,*0.5,*2,*1,*2,*1,*2,*0.5,*1
#126,Magmar,1.3 m,44.5 kg,Fire,Unknown,Red,Magmortar,*1,*0.5,*2,*1,*0.5,*0.5,*1,*1,*2,*1,*1,*0.5,*2,*1,*1,*1,*0.5,*0.5
#118,Goldeen,0.6 m,15.0 kg,Water,Unknown,Red,Seaking,*1,*0.5,*0.5,*2,*2,*0.5,*1,*1,*1,*1,*1,*1,*1,*1,*1,*1,*0.5,*1
#117,Seadra,1.2 m,25.0 kg,Water,Unknown,Blue,Kingdra,*1,*0.5,*0.5,*2,*2,*0.5,*1,*1,*1,*1,*1,*1,*1,*1,*1,*1,*0.5,*1
#116,Horsea,0.4 m,8.0 kg,Water,Unknown,Blue,Seadra,*1,*0.5,*0.5,*2,*2,*0.5,*1,*1,*1,*1,*1,*1,*1,*1,*1,*1,*0.5,*1
#114,Tangela,1.0 m,35.0 kg,Grass,Unknown,Blue,Tangrowth,*1,*2,*0.5,*0.5,*0.5,*2,*1,*2,*0.5,*2,*1,*2,*1,*1,*1,*1,*1,*1
#119,Seaking,1.3 m,39.0 kg,Water,Unknown,Red,Final,*1,*0.5,*0.5,*2,*2,*0.5,*1,*1,*1,*1,*1,*1,*1,*1,*1,*1,*0.5,*1
#113,Chansey,1.1 m,34.6 kg,Normal,Unknown,Pink,Blissey,*1,*1,*1,*1,*1,*1,*2,*1,*1,*1,*1,*1,*1,*0,*1,*1,*1,*1
#115,Kangaskhan,2.2 m,80.0 kg,Normal,Unknown,Brown,Final,*1,*1,*1,*1,*1,*1,*2,*1,*1,*1,*1,*1,*1,*0,*1,*1,*1,*1
#120,Staryu,0.8 m,34.5 kg,Water,Unknown,Brown,Starmie,*1,*0.5,*0.5,*2,*2,*0.5,*1,*1,*1,*1,*1,*1,*1,*1,*1,*1,*0.5,*1
#107,Hitmonchan,1.4 m,50.2 kg,Fighting,Unknown,Brown,Final,*1,*1,*1,*1,*1,*1,*1,*1,*1,*2,*2,*0.5,*0.5,*1,*1,*0.5,*1,*2
#112,Rhydon,1.9 m,120.0 kg,Ground,Rock,Gray,Rhyperior,*0.5,*0.5,*4,*0,*4,*2,*2,*0.25,*2,*0.5,*1,*1,*0.5,*1,*1,*1,*2,*1
#111,Rhyhorn,1.0 m,115.0 kg,Ground,Rock,Gray,Rhydon,*0.5,*0.5,*4,*0,*4,*2,*2,*0.25,*2,*0.5,*1,*1,*0.5,*1,*1,*1,*2,*1
#110,Weezing,1.2 m,9.5 kg,Poison,Unknown,Purple,Final,*1,*1,*1,*1,*0.5,*1,*0.5,*0.5,*2,*1,*2,*0.5,*1,*1,*1,*1,*1,*0.5
#106,Hitmonlee,1.5 m,49.8 kg,Fighting,Unknown,Brown,Final,*1,*1,*1,*1,*1,*1,*1,*1,*1,*2,*2,*0.5,*0.5,*1,*1,*0.5,*1,*2
#109,Koffing,0.6 m,1.0 kg,Poison,Unknown,Purple,Weezing,*1,*1,*1,*1,*0.5,*1,*0.5,*0.5,*2,*1,*2,*0.5,*1,*1,*1,*1,*1,*0.5
#108,Lickitung,1.2 m,65.5 kg,Normal,Unknown,Pink,Lickilicky,*1,*1,*1,*1,*1,*1,*2,*1,*1,*1,*1,*1,*1,*0,*1,*1,*1,*1
#105,Marowak,1.0 m,45.0 kg,Ground,Unknown,Brown,Final,*1,*1,*2,*0,*2,*2,*1,*0.5,*1,*1,*1,*1,*0.5,*1,*1,*1,*1,*1
#104,Cubone,0.4 m,6.5 kg,Ground,Unknown,Brown,Marowak,*1,*1,*2,*0,*2,*2,*1,*0.5,*1,*1,*1,*1,*0.5,*1,*1,*1,*1,*1
#103,Exeggutor,2.0 m,120.0 kg,Grass,Psychic,Yellow,Final,*1,*2,*0.5,*0.5,*0.5,*2,*0.5,*2,*0.5,*2,*0.5,*4,*1,*2,*1,*2,*1,*1
#102,Exeggcute,0.4 m,2.5 kg,Grass,Psychic,Pink,Exeggutor,*1,*2,*0.5,*0.5,*0.5,*2,*0.5,*2,*0.5,*2,*0.5,*4,*1,*2,*1,*2,*1,*1
#101,Electrode,1.2 m,66.6 kg,Electric,Unknown,Red,Final,,,,,,,,,,,,,,,,,,
#099,Kingler,1.3 m,60.0 kg,Water,Unknown,Red,Final,*1,*0.5,*0.5,*2,*2,*0.5,*1,*1,*1,*1,*1,*1,*1,*1,*1,*1,*0.5,*1
#100,Voltorb,0.5 m,10.4 kg,Electric,Unknown,Red,Electrode,,,,,,,,,,,,,,,,,,
#098,Krabby,0.4 m,6.5 kg,Water,Unknown,Red,Kingler,*1,*0.5,*0.5,*2,*2,*0.5,*1,*1,*1,*1,*1,*1,*1,*1,*1,*1,*0.5,*1
#097,Hypno,1.6 m,75.6 kg,Psychic,Unknown,Yellow,Final,,,,,,,,,,,,,,,,,,
#096,Drowzee,1.0 m,32.4 kg,Psychic,Unknown,Yellow,Hypno,,,,,,,,,,,,,,,,,,
#095,Onix,8.8 m,210.0 kg,Rock,Ground,Gray,Steelix,*0.5,*0.5,*4,*0,*4,*2,*2,*0.25,*2,*0.5,*1,*1,*0.5,*1,*1,*1,*2,*1
#093,Haunter,1.6 m,0.1 kg,Ghost,Poison,Purple,Gengar,*0,*1,*1,*1,*0.5,*1,*0,*0.25,*2,*1,*2,*0.25,*1,*2,*1,*2,*1,*0.5
#092,Gastly,1.3 m,0.1 kg,Ghost,Poison,Purple,Haunter,*0,*1,*1,*1,*0.5,*1,*0,*0.25,*2,*1,*2,*0.25,*1,*2,*1,*2,*1,*0.5
#091,Cloyster,1.5 m,132.5 kg,Water,Ice,Purple,Final,*1,*1,*0.5,*2,*2,*0.25,*2,*1,*1,*1,*1,*1,*2,*1,*1,*1,*1,*1
#090,Shellder,0.3 m,4.0 kg,Water,Unknown,Purple,Cloyster,*1,*0.5,*0.5,*2,*2,*0.5,*1,*1,*1,*1,*1,*1,*1,*1,*1,*1,*0.5,*1
#089,Muk,1.2 m,30.0 kg,Poison,Unknown,Purple,Final,,,,,,,,,,,,,,,,,,
#094,Gengar,1.5 m,40.5 kg,Ghost,Poison,Purple,Final,*0,*1,*1,*1,*0.5,*1,*0,*0.25,*2,*1,*2,*0.25,*1,*2,*1,*2,*1,*0.5
#087,Dewgong,1.7 m,120.0 kg,Water,Ice,White,Final,,,,,,,,,,,,,,,,,,
#081,Magnemite,0.3 m,6.0 kg,Electric,Steel,Gray,Magneton,*0.5,*2,*1,*0.5,*0.5,*0.5,*2,*0,*4,*0.25,*0.5,*0.5,*0.5,*1,*0.5,*1,*0.25,*0.5
#086,Seel,1.1 m,90.0 kg,Water,Unknown,White,Dewgong,,,,,,,,,,,,,,,,,,
#085,Dodrio,1.8 m,85.2 kg,Normal,Flying,Brown,Final,,,,,,,,,,,,,,,,,,
#084,Doduo,1.4 m,39.2 kg,Normal,Flying,Brown,Dodrio,,,,,,,,,,,,,,,,,,
#083,Farfetch'd,0.8 m,15.0 kg,Normal,Flying,Brown,Final,*1,*1,*1,*2,*0.5,*2,*1,*1,*0,*1,*1,*0.5,*2,*0,*1,*1,*1,*1
#082,Magneton,1.0 m,60.0 kg,Electric,Steel,Gray,Magnezone,*0.5,*2,*1,*0.5,*0.5,*0.5,*2,*0,*4,*0.25,*0.5,*0.5,*0.5,*1,*0.5,*1,*0.25,*0.5
#088,Grimer,0.9 m,30.0 kg,Poison,Unknown,Purple,Muk;Alolan Muk,,,,,,,,,,,,,,,,,,
#073,Tentacruel,1.6 m,55.0 kg,Water,Poison,Blue,Final,*1,*0.5,*0.5,*2,*1,*0.5,*0.5,*0.5,*2,*1,*2,*0.5,*1,*1,*1,*1,*0.5,*0.5
#080,Slowbro,1.6 m,78.5 kg,Water,Psychic,Pink,Final,*1,*0.5,*0.5,*2,*2,*0.5,*0.5,*1,*1,*1,*0.5,*2,*1,*2,*1,*2,*0.5,*1
#079,Slowpoke,1.2 m,36.0 kg,Water,Psychic,Pink,Slowbro;Slowking;Galarian Slowking;Galarian Slowbro,*1,*0.5,*0.5,*2,*2,*0.5,*0.5,*1,*1,*1,*0.5,*2,*1,*2,*1,*2,*0.5,*1
#078,Rapidash,1.7 m,95.0 kg,Fire,Unknown,Yellow,Final,*1,*0.5,*2,*1,*0.5,*0.5,*1,*1,*2,*1,*1,*0.5,*2,*1,*1,*1,*0.5,*0.5
#076,Golem,1.4 m,300.0 kg,Rock,Ground,Brown,Final,,,,,,,,,,,,,,,,,,
#077,Ponyta,1.0 m,30.0 kg,Fire,Unknown,Yellow,Galarian Rapidash;Rapidash,*1,*0.5,*2,*1,*0.5,*0.5,*1,*1,*2,*1,*1,*0.5,*2,*1,*1,*1,*0.5,*0.5
#075,Graveler,1.0 m,105.0 kg,Rock,Ground,Brown,Alolan Golem;Golem,,,,,,,,,,,,,,,,,,
#074,Geodude,0.4 m,20.0 kg,Rock,Ground,Brown,Graveler,,,,,,,,,,,,,,,,,,
#071,Victreebel,1.7 m,15.5 kg,Grass,Poison,Green,Final,,,,,,,,,,,,,,,,,,
#072,Tentacool,0.9 m,45.5 kg,Water,Poison,Blue,Tentacruel,*1,*0.5,*0.5,*2,*1,*0.5,*0.5,*0.5,*2,*1,*2,*0.5,*1,*1,*1,*1,*0.5,*0.5
#070,Weepinbell,1.0 m,6.4 kg,Grass,Poison,Green,Victreebel,,,,,,,,,,,,,,,,,,
#069,Bellsprout,0.7 m,4.0 kg,Grass,Poison,Green,Weepinbell,,,,,,,,,,,,,,,,,,
#068,Machamp,1.6 m,130.0 kg,Fighting,Unknown,Gray,Final,*1,*1,*1,*1,*1,*1,*1,*1,*1,*2,*2,*0.5,*0.5,*1,*1,*0.5,*1,*2
#067,Machoke,1.5 m,70.5 kg,Fighting,Unknown,Gray,Machamp,*1,*1,*1,*1,*1,*1,*1,*1,*1,*2,*2,*0.5,*0.5,*1,*1,*0.5,*1,*2
#066,Machop,0.8 m,19.5 kg,Fighting,Unknown,Gray,Machoke,*1,*1,*1,*1,*1,*1,*1,*1,*1,*2,*2,*0.5,*0.5,*1,*1,*0.5,*1,*2
#065,Alakazam,1.5 m,48.0 kg,Psychic,Unknown,Brown,Final,*1,*1,*1,*1,*1,*1,*0.5,*1,*1,*1,*0.5,*2,*1,*2,*1,*2,*1,*1
#064,Kadabra,1.3 m,56.5 kg,Psychic,Unknown,Brown,Alakazam,*1,*1,*1,*1,*1,*1,*0.5,*1,*1,*1,*0.5,*2,*1,*2,*1,*2,*1,*1
#062,Poliwrath,1.3 m,54.0 kg,Water,Fighting,Blue,Final,*1,*0.5,*0.5,*2,*2,*0.5,*1,*1,*1,*2,*2,*0.5,*0.5,*1,*1,*0.5,*0.5,*2
#061,Poliwhirl,1.0 m,20.0 kg,Water,Unknown,Blue,Politoed;Poliwrath,*1,*0.5,*0.5,*2,*2,*0.5,*1,*1,*1,*1,*1,*1,*1,*1,*1,*1,*0.5,*1
#060,Poliwag,0.6 m,12.4 kg,Water,Unknown,Blue,Poliwhirl,*1,*0.5,*0.5,*2,*2,*0.5,*1,*1,*1,*1,*1,*1,*1,*1,*1,*1,*0.5,*1
#059,Arcanine,1.9 m,155.0 kg,Fire,Unknown,Brown,Final,*1,*0.5,*2,*1,*0.5,*0.5,*1,*1,*2,*1,*1,*0.5,*2,*1,*1,*1,*0.5,*0.5
#058,Growlithe,0.7 m,19.0 kg,Fire,Unknown,Brown,Arcanine,*1,*0.5,*2,*1,*0.5,*0.5,*1,*1,*2,*1,*1,*0.5,*2,*1,*1,*1,*0.5,*0.5
#057,Primeape,1.0 m,32.0 kg,Fighting,Unknown,Brown,Final,,,,,,,,,,,,,,,,,,
#063,Abra,0.9 m,19.5 kg,Psychic,Unknown,Brown,Kadabra,*1,*1,*1,*1,*1,*1,*0.5,*1,*1,*1,*0.5,*2,*1,*2,*1,*2,*1,*1
#049,Venomoth,1.5 m,12.5 kg,Bug,Poison,Purple,Final,,,,,,,,,,,,,,,,,,
#056,Mankey,0.5 m,28.0 kg,Fighting,Unknown,Brown,Primeape,,,,,,,,,,,,,,,,,,
#055,Golduck,1.7 m,76.6 kg,Water,Unknown,Blue,Final,*1,*0.5,*0.5,*2,*2,*0.5,*1,*1,*1,*1,*1,*1,*1,*1,*1,*1,*0.5,*1
#054,Psyduck,0.8 m,19.6 kg,Water,Unknown,Yellow,Golduck,*1,*0.5,*0.5,*2,*2,*0.5,*1,*1,*1,*1,*1,*1,*1,*1,*1,*1,*0.5,*1
#053,Persian,1.0 m,32.0 kg,Normal,Unknown,Yellow,Final,*1,*1,*1,*1,*1,*1,*2,*1,*1,*1,*1,*1,*1,*0,*1,*1,*1,*1
#052,Meowth,0.4 m,4.2 kg,Normal,Unknown,Yellow,Perrserker;Persian;Alolan Persian,*1,*1,*1,*1,*1,*1,*2,*1,*1,*1,*1,*1,*1,*0,*1,*1,*1,*1
#051,Dugtrio,0.7 m,33.3 kg,Ground,Unknown,Brown,Final,*1,*1,*2,*0,*2,*2,*1,*0.5,*1,*1,*1,*1,*0.5,*1,*1,*1,*1,*1
#050,Diglett,0.2 m,0.8 kg,Ground,Unknown,Brown,Alolan Dugtrio;Dugtrio,*1,*1,*2,*0,*2,*2,*1,*0.5,*1,*1,*1,*1,*0.5,*1,*1,*1,*1,*1
#048,Venonat,1.0 m,30.0 kg,Bug,Poison,Purple,Venomoth,,,,,,,,,,,,,,,,,,
#047,Parasect,1.0 m,29.5 kg,Bug,Grass,Red,Final,,,,,,,,,,,,,,,,,,
#040,Wigglytuff,1.0 m,12.0 kg,Normal,Fairy,Pink,Final,*1,*1,*1,*1,*1,*1,*1,*2,*1,*1,*1,*0.5,*1,*0,*0,*0.5,*2,*1
#046,Paras,0.3 m,5.4 kg,Bug,Grass,Red,Parasect,,,,,,,,,,,,,,,,,,
#045,Vileplume,1.2 m,18.6 kg,Grass,Poison,Red,Final,*1,*2,*0.5,*0.5,*0.25,*2,*0.5,*1,*1,*2,*2,*1,*1,*1,*1,*1,*1,*0.5
#044,Gloom,0.8 m,8.6 kg,Grass,Poison,Blue,Vileplume;Bellossom,*1,*2,*0.5,*0.5,*0.25,*2,*0.5,*1,*1,*2,*2,*1,*1,*1,*1,*1,*1,*0.5
#043,Oddish,0.5 m,5.4 kg,Grass,Poison,Blue,Gloom,*1,*2,*0.5,*0.5,*0.25,*2,*0.5,*1,*1,*2,*2,*1,*1,*1,*1,*1,*1,*0.5
#042,Golbat,1.6 m,55.0 kg,Poison,Flying,Purple,Crobat,*1,*1,*1,*2,*0.25,*2,*0.25,*0.5,*0,*1,*2,*0.25,*2,*1,*1,*1,*1,*0.5
#041,Zubat,0.8 m,7.5 kg,Poison,Flying,Purple,Golbat,*1,*1,*1,*2,*0.25,*2,*0.25,*0.5,*0,*1,*2,*0.25,*2,*1,*1,*1,*1,*0.5
#039,Jigglypuff,0.5 m,5.5 kg,Normal,Fairy,Pink,Wigglytuff,*1,*1,*1,*1,*1,*1,*1,*2,*1,*1,*1,*0.5,*1,*0,*0,*0.5,*2,*1
#038,Ninetales,1.1 m,19.9 kg,Fire,Unknown,Yellow,Final,*1,*0.5,*2,*1,*0.5,*0.5,*1,*1,*2,*1,*1,*0.5,*2,*1,*1,*1,*0.5,*0.5
#036,Clefable,1.3 m,40.0 kg,Fairy,Unknown,Pink,Final,*1,*1,*1,*1,*1,*1,*0.5,*2,*1,*1,*1,*0.5,*1,*1,*0,*0.5,*2,*1
#037,Vulpix,0.6 m,9.9 kg,Fire,Unknown,Brown,Ninetales;Alolan Ninetales,*1,*0.5,*2,*1,*0.5,*0.5,*1,*1,*2,*1,*1,*0.5,*2,*1,*1,*1,*0.5,*0.5
#035,Clefairy,0.6 m,7.5 kg,Fairy,Unknown,Pink,Clefable,*1,*1,*1,*1,*1,*1,*0.5,*2,*1,*1,*1,*0.5,*1,*1,*0,*0.5,*2,*1
#034,Nidoking,1.4 m,62.0 kg,Poison,Ground,Purple,Final,*1,*1,*2,*0,*1,*2,*0.5,*0.25,*2,*1,*2,*0.5,*0.5,*1,*1,*1,*1,*0.5
#032,Nidoran♂,0.5 m,9.0 kg,Poison,Unknown,Purple,Nidorino,*1,*1,*1,*1,*0.5,*1,*0.5,*0.5,*2,*1,*2,*0.5,*1,*1,*1,*1,*1,*0.5
#033,Nidorino,0.9 m,19.5 kg,Poison,Unknown,Purple,Nidoking,*1,*1,*1,*1,*0.5,*1,*0.5,*0.5,*2,*1,*2,*0.5,*1,*1,*1,*1,*1,*0.5
#030,Nidorina,0.8 m,20.0 kg,Poison,Unknown,Blue,Nidoqueen,*1,*1,*1,*1,*0.5,*1,*0.5,*0.5,*2,*1,*2,*0.5,*1,*1,*1,*1,*1,*0.5
#031,Nidoqueen,1.3 m,60.0 kg,Poison,Ground,Blue,Final,*1,*1,*2,*0,*1,*2,*0.5,*0.25,*2,*1,*2,*0.5,*0.5,*1,*1,*1,*1,*0.5
#029,Nidoran♀,0.4 m,7.0 kg,Poison,Unknown,Blue,Nidorina,*1,*1,*1,*1,*0.5,*1,*0.5,*0.5,*2,*1,*2,*0.5,*1,*1,*1,*1,*1,*0.5
#028,Sandslash,1.0 m,29.5 kg,Ground,Unknown,Yellow,Final,*1,*1,*2,*0,*2,*2,*1,*0.5,*1,*1,*1,*1,*0.5,*1,*1,*1,*1,*1
#027,Sandshrew,0.6 m,12.0 kg,Ground,Unknown,Yellow,Alolan Sandslash;Sandslash,*1,*1,*2,*0,*2,*2,*1,*0.5,*1,*1,*1,*1,*0.5,*1,*1,*1,*1,*1
#010,Caterpie,0.3 m,2.9 kg,Bug,Unknown,Green,Metapod,*1,*2,*1,*1,*0.5,*1,*0.5,*1,*0.5,*2,*1,*1,*2,*1,*1,*1,*1,*1
#009,Blastoise,1.6 m,85.5 kg,Water,Unknown,Blue,Final,*1,*0.5,*0.5,*2,*2,*0.5,*1,*1,*1,*1,*1,*1,*1,*1,*1,*1,*0.5,*1
#026,Raichu,0.8 m,30.0 kg,Electric,Unknown,Yellow,Final,*1,*1,*1,*0.5,*1,*1,*1,*1,*2,*0.5,*1,*1,*1,*1,*1,*1,*0.5,*1
#008,Wartortle,1.0 m,22.5 kg,Water,Unknown,Blue,Blastoise,*1,*0.5,*0.5,*2,*2,*0.5,*1,*1,*1,*1,*1,*1,*1,*1,*1,*1,*0.5,*1
#007,Squirtle,0.5 m,9.0 kg,Water,Unknown,Blue,Wartortle,*1,*0.5,*0.5,*2,*2,*0.5,*1,*1,*1,*1,*1,*1,*1,*1,*1,*1,*0.5,*1
#006,Charizard,1.7 m,90.5 kg,Fire,Flying,Red,Final,*1,*0.5,*2,*2,*0.25,*1,*0.5,*1,*0,*1,*1,*0.25,*4,*1,*1,*1,*0.5,*0.5
#005,Charmeleon,1.1 m,19.0 kg,Fire,Unknown,Red,Charizard,*1,*0.5,*2,*1,*0.5,*0.5,*1,*1,*2,*1,*1,*0.5,*2,*1,*1,*1,*0.5,*0.5
#004,Charmander,0.6 m,8.5 kg,Fire,Unknown,Red,Charmeleon,*1,*0.5,*2,*1,*0.5,*0.5,*1,*1,*2,*1,*1,*0.5,*2,*1,*1,*1,*0.5,*0.5
#002,Ivysaur,1.0 m,13.0 kg,Grass,Poison,Green,Venusaur,*1,*2,*0.5,*0.5,*0.25,*2,*0.5,*1,*1,*2,*2,*1,*1,*1,*1,*1,*1,*0.5
#001,Bulbasaur,0.7 m,6.9 kg,Grass,Poison,Green,Ivysaur,*1,*2,*0.5,*0.5,*0.25,*2,*0.5,*1,*1,*2,*2,*1,*1,*1,*1,*1,*1,*0.5
#003,Venusaur,2.0 m,100.0 kg,Grass,Poison,Green,Final,*1,*2,*0.5,*0.5,*0.25,*2,*0.5,*1,*1,*2,*2,*1,*1,*1,*1,*1,*1,*0.5
#804,Naganadel,,,,,,,*1,*0.5,*0.5,*0.5,*0.25,*2,*0.5,*0.5,*2,*1,*2,*0.5,*1,*1,*2,*1,*1,*1
