Ndex,pokemon_name,Normal,Fire,Water,Electric,Grass,Ice,Fighting,Poison,Ground,Flying,Psychic,Bug,Rock,Ghost,Dragon,Dark,Steel,Fairy
#001,Bulbasaur,*1,*2,*0.5,*0.5,*0.25,*2,*0.5,*1,*1,*2,*2,*1,*1,*1,*1,*1,*1,*0.5
#065,Alakazam,*1,*1,*1,*1,*1,*1,*0.5,*1,*1,*1,*0.5,*2,*1,*2,*1,*2,*1,*1
#066,Machop,*1,*1,*1,*1,*1,*1,*1,*1,*1,*2,*2,*0.5,*0.5,*1,*1,*0.5,*1,*2
#078,Rapidash,*1,*0.5,*2,*1,*0.5,*0.5,*1,*1,*2,*1,*1,*0.5,*2,*1,*1,*1,*0.5,*0.5
#068,Machamp,*1,*1,*1,*1,*1,*1,*1,*1,*1,*2,*2,*0.5,*0.5,*1,*1,*0.5,*1,*2
#064,Kadabra,*1,*1,*1,*1,*1,*1,*0.5,*1,*1,*1,*0.5,*2,*1,*2,*1,*2,*1,*1
#073,Tentacruel,*1,*0.5,*0.5,*2,*1,*0.5,*0.5,*0.5,*2,*1,*2,*0.5,*1,*1,*1,*1,*0.5,*0.5
#067,Machoke,*1,*1,*1,*1,*1,*1,*1,*1,*1,*2,*2,*0.5,*0.5,*1,*1,*0.5,*1,*2
#063,Abra,*1,*1,*1,*1,*1,*1,*0.5,*1,*1,*1,*0.5,*2,*1,*2,*1,*2,*1,*1
#062,Poliwrath,*1,*0.5,*0.5,*2,*2,*0.5,*1,*1,*1,*2,*2,*0.5,*0.5,*1,*1,*0.5,*0.5,*2
#061,Poliwhirl,*1,*0.5,*0.5,*2,*2,*0.5,*1,*1,*1,*1,*1,*1,*1,*1,*1,*1,*0.5,*1
#060,Poliwag,*1,*0.5,*0.5,*2,*2,*0.5,*1,*1,*1,*1,*1,*1,*1,*1,*1,*1,*0.5,*1
#072,Tentacool,*1,*0.5,*0.5,*2,*1,*0.5,*0.5,*0.5,*2,*1,*2,*0.5,*1,*1,*1,*1,*0.5,*0.5
#898,Calyrex,*1,*2,*0.5,*0.5,*0.5,*2,*0.5,*2,*0.5,*2,*0.5,*4,*1,*2,*1,*2,*1,*1
#897,Spectrier,*0,*1,*1,*1,*1,*1,*0,*0.5,*1,*1,*1,*0.5,*1,*2,*1,*2,*1,*1
#059,Arcanine,*1,*0.5,*2,*1,*0.5,*0.5,*1,*1,*2,*1,*1,*0.5,*2,*1,*1,*1,*0.5,*0.5
#058,Growlithe,*1,*0.5,*2,*1,*0.5,*0.5,*1,*1,*2,*1,*1,*0.5,*2,*1,*1,*1,*0.5,*0.5
#895,Regidrago,*1,*0.5,*0.5,*0.5,*0.5,*2,*1,*1,*1,*1,*1,*1,*1,*1,*2,*1,*1,*2
#896,Glastrier,*1,*2,*1,*1,*1,*0.5,*2,*1,*1,*1,*1,*1,*2,*1,*1,*1,*2,*1
#892,Urshifu,*1,*1,*1,*1,*1,*1,*2,*1,*1,*2,*0,*1,*0.5,*0.5,*1,*0.25,*1,*4
#893,Zarude,*1,*2,*0.5,*0.5,*0.5,*2,*2,*2,*0.5,*2,*0,*4,*1,*0.5,*1,*0.5,*1,*2
#889,Zamazenta,*1,*1,*1,*1,*1,*1,*1,*1,*1,*2,*2,*0.5,*0.5,*1,*1,*0.5,*1,*2
#894,Regieleki,*1,*1,*1,*0.5,*1,*1,*1,*1,*2,*0.5,*1,*1,*1,*1,*1,*1,*0.5,*1
#077,Ponyta,*1,*0.5,*2,*1,*0.5,*0.5,*1,*1,*2,*1,*1,*0.5,*2,*1,*1,*1,*0.5,*0.5
#890,Eternatus,*1,*0.5,*0.5,*0.5,*0.25,*2,*0.5,*0.5,*2,*1,*2,*0.5,*1,*1,*2,*1,*1,*1
#888,Zacian,*1,*1,*1,*1,*1,*1,*0.5,*2,*1,*1,*1,*0.5,*1,*1,*0,*0.5,*2,*1
#891,Kubfu,*1,*1,*1,*1,*1,*1,*1,*1,*1,*2,*2,*0.5,*0.5,*1,*1,*0.5,*1,*2
#885,Dreepy,*0,*0.5,*0.5,*0.5,*0.5,*2,*0,*0.5,*1,*1,*1,*0.5,*1,*2,*2,*2,*1,*2
#887,Dragapult,*0,*0.5,*0.5,*0.5,*0.5,*2,*0,*0.5,*1,*1,*1,*0.5,*1,*2,*2,*2,*1,*2
#886,Drakloak,*0,*0.5,*0.5,*0.5,*0.5,*2,*0,*0.5,*1,*1,*1,*0.5,*1,*2,*2,*2,*1,*2
#882,Dracovish,*1,*0.25,*0.25,*1,*1,*1,*1,*1,*1,*1,*1,*1,*1,*1,*2,*1,*0.5,*2
#878,Cufant,*0.5,*2,*1,*1,*0.5,*0.5,*2,*0,*2,*0.5,*0.5,*0.5,*0.5,*1,*0.5,*1,*0.5,*0.5
#883,Arctovish,*1,*1,*0.5,*2,*2,*0.25,*2,*1,*1,*1,*1,*1,*2,*1,*1,*1,*1,*1
#881,Arctozolt,*1,*2,*1,*0.5,*1,*0.5,*2,*1,*2,*0.5,*1,*1,*2,*1,*1,*1,*1,*1
#884,Duraludon,*0.5,*1,*0.5,*0.5,*0.25,*1,*2,*0,*2,*0.5,*0.5,*0.5,*0.5,*1,*1,*1,*0.5,*1
#877,Morpeko,*1,*1,*1,*0.5,*1,*1,*2,*1,*2,*0.5,*0,*2,*1,*0.5,*1,*0.5,*0.5,*2
#879,Copperajah,*0.5,*2,*1,*1,*0.5,*0.5,*2,*0,*2,*0.5,*0.5,*0.5,*0.5,*1,*0.5,*1,*0.5,*0.5
#880,Dracozolt,*1,*0.5,*0.5,*0.25,*0.5,*2,*1,*1,*2,*0.5,*1,*1,*1,*1,*2,*1,*0.5,*2
#871,Pincurchin,*1,*1,*1,*0.5,*1,*1,*1,*1,*2,*0.5,*1,*1,*1,*1,*1,*1,*0.5,*1
#876,Indeedee,*1,*1,*1,*1,*1,*1,*1,*1,*1,*1,*0.5,*2,*1,*0,*1,*2,*1,*1
#870,Falinks,*1,*1,*1,*1,*1,*1,*1,*1,*1,*2,*2,*0.5,*0.5,*1,*1,*0.5,*1,*2
#873,Frosmoth,*1,*4,*1,*1,*0.5,*0.5,*1,*1,*0.5,*2,*1,*1,*4,*1,*1,*1,*2,*1
#872,Snom,*1,*4,*1,*1,*0.5,*0.5,*1,*1,*0.5,*2,*1,*1,*4,*1,*1,*1,*2,*1
#868,Milcery,*1,*1,*1,*1,*1,*1,*0.5,*2,*1,*1,*1,*0.5,*1,*1,*0,*0.5,*2,*1
#867,Runerigus,*0,*1,*2,*0,*2,*2,*0,*0.25,*1,*1,*1,*0.5,*0.5,*2,*1,*2,*1,*1
#874,Stonjourner,*0.5,*0.5,*2,*1,*2,*1,*2,*0.5,*2,*0.5,*1,*1,*1,*1,*1,*1,*2,*1
#866,Mr. Rime,*1,*2,*1,*1,*1,*0.5,*1,*1,*1,*1,*0.5,*2,*2,*2,*1,*2,*2,*1
#865,Sirfetch'd,*1,*1,*1,*1,*1,*1,*1,*1,*1,*2,*2,*0.5,*0.5,*1,*1,*0.5,*1,*2
#869,Alcremie,*1,*1,*1,*1,*1,*1,*0.5,*2,*1,*1,*1,*0.5,*1,*1,*0,*0.5,*2,*1
#863,Perrserker,*0.5,*2,*1,*1,*0.5,*0.5,*2,*0,*2,*0.5,*0.5,*0.5,*0.5,*1,*0.5,*1,*0.5,*0.5
#860,Morgrem,*1,*1,*1,*1,*1,*1,*1,*2,*1,*1,*0,*1,*1,*0.5,*0,*0.25,*2,*2
#862,Obstagoon,*1,*1,*1,*1,*1,*1,*4,*1,*1,*1,*0,*2,*1,*0,*1,*0.5,*1,*2
#864,Cursola,*0,*1,*1,*1,*1,*1,*0,*0.5,*1,*1,*1,*0.5,*1,*2,*1,*2,*1,*1
#859,Impidimp,*1,*1,*1,*1,*1,*1,*1,*2,*1,*1,*0,*1,*1,*0.5,*0,*0.25,*2,*2
#861,Grimmsnarl,*1,*1,*1,*1,*1,*1,*1,*2,*1,*1,*0,*1,*1,*0.5,*0,*0.25,*2,*2
#856,Hatenna,*1,*1,*1,*1,*1,*1,*0.5,*1,*1,*1,*0.5,*2,*1,*2,*1,*2,*1,*1
#858,Hatterene,*1,*1,*1,*1,*1,*1,*0.25,*2,*1,*1,*0.5,*1,*1,*2,*0,*1,*2,*1
#857,Hattrem,*1,*1,*1,*1,*1,*1,*0.5,*1,*1,*1,*0.5,*2,*1,*2,*1,*2,*1,*1
#875,Eiscue,*1,*2,*1,*1,*1,*0.5,*2,*1,*1,*1,*1,*1,*2,*1,*1,*1,*2,*1
#855,Polteageist,*0,*1,*1,*1,*1,*1,*0,*0.5,*1,*1,*1,*0.5,*1,*2,*1,*2,*1,*1
#851,Centiskorch,*1,*1,*2,*1,*0.25,*0.5,*0.5,*1,*1,*2,*1,*0.5,*4,*1,*1,*1,*0.5,*0.5
#853,Grapploct,*1,*1,*1,*1,*1,*1,*1,*1,*1,*2,*2,*0.5,*0.5,*1,*1,*0.5,*1,*2
#854,Sinistea,*0,*1,*1,*1,*1,*1,*0,*0.5,*1,*1,*1,*0.5,*1,*2,*1,*2,*1,*1
#849,Toxtricity,*1,*1,*1,*0.5,*0.5,*1,*0.5,*0.5,*4,*0.5,*2,*0.5,*1,*1,*1,*1,*0.5,*0.5
#846,Arrokuda,*1,*0.5,*0.5,*2,*2,*0.5,*1,*1,*1,*1,*1,*1,*1,*1,*1,*1,*0.5,*1
#848,Toxel,*1,*1,*1,*0.5,*0.5,*1,*0.5,*0.5,*4,*0.5,*2,*0.5,*1,*1,*1,*1,*0.5,*0.5
#852,Clobbopus,*1,*1,*1,*1,*1,*1,*1,*1,*1,*2,*2,*0.5,*0.5,*1,*1,*0.5,*1,*2
#847,Barraskewda,*1,*0.5,*0.5,*2,*2,*0.5,*1,*1,*1,*1,*1,*1,*1,*1,*1,*1,*0.5,*1
#850,Sizzlipede,*1,*1,*2,*1,*0.25,*0.5,*0.5,*1,*1,*2,*1,*0.5,*4,*1,*1,*1,*0.5,*0.5
#845,Cramorant,*1,*0.5,*0.5,*4,*1,*1,*0.5,*1,*0,*1,*1,*0.5,*2,*1,*1,*1,*0.5,*1
#842,Appletun,*1,*1,*0.25,*0.25,*0.25,*4,*1,*2,*0.5,*2,*1,*2,*1,*1,*2,*1,*1,*2
#843,Silicobra,*1,*1,*2,*0,*2,*2,*1,*0.5,*1,*1,*1,*1,*0.5,*1,*1,*1,*1,*1
#839,Coalossal,*0.5,*0.25,*4,*1,*1,*0.5,*2,*0.5,*4,*0.5,*1,*0.5,*2,*1,*1,*1,*1,*0.5
#844,Sandaconda,*1,*1,*2,*0,*2,*2,*1,*0.5,*1,*1,*1,*1,*0.5,*1,*1,*1,*1,*1
#840,Applin,*1,*1,*0.25,*0.25,*0.25,*4,*1,*2,*0.5,*2,*1,*2,*1,*1,*2,*1,*1,*2
#837,Rolycoly,*0.5,*0.5,*2,*1,*2,*1,*2,*0.5,*2,*0.5,*1,*1,*1,*1,*1,*1,*2,*1
#836,Boltund,*1,*1,*1,*0.5,*1,*1,*1,*1,*2,*0.5,*1,*1,*1,*1,*1,*1,*0.5,*1
#835,Yamper,*1,*1,*1,*0.5,*1,*1,*1,*1,*2,*0.5,*1,*1,*1,*1,*1,*1,*0.5,*1
#841,Flapple,*1,*1,*0.25,*0.25,*0.25,*4,*1,*2,*0.5,*2,*1,*2,*1,*1,*2,*1,*1,*2
#838,Carkol,*0.5,*0.25,*4,*1,*1,*0.5,*2,*0.5,*4,*0.5,*1,*0.5,*2,*1,*1,*1,*1,*0.5
#832,Dubwool,*1,*1,*1,*1,*1,*1,*2,*1,*1,*1,*1,*1,*1,*0,*1,*1,*1,*1
#834,Drednaw,*0.5,*0.25,*1,*2,*4,*0.5,*2,*0.5,*2,*0.5,*1,*1,*1,*1,*1,*1,*1,*1
#830,Eldegoss,*1,*2,*0.5,*0.5,*0.5,*2,*1,*2,*0.5,*2,*1,*2,*1,*1,*1,*1,*1,*1
#833,Chewtle,*1,*0.5,*0.5,*2,*2,*0.5,*1,*1,*1,*1,*1,*1,*1,*1,*1,*1,*0.5,*1
#829,Gossifleur,*1,*2,*0.5,*0.5,*0.5,*2,*1,*2,*0.5,*2,*1,*2,*1,*1,*1,*1,*1,*1
#831,Wooloo,*1,*1,*1,*1,*1,*1,*2,*1,*1,*1,*1,*1,*1,*0,*1,*1,*1,*1
#827,Nickit,*1,*1,*1,*1,*1,*1,*2,*1,*1,*1,*0,*2,*1,*0.5,*1,*0.5,*1,*2
#824,Blipbug,*1,*2,*1,*1,*0.5,*1,*0.5,*1,*0.5,*2,*1,*1,*2,*1,*1,*1,*1,*1
#828,Thievul,*1,*1,*1,*1,*1,*1,*2,*1,*1,*1,*0,*2,*1,*0.5,*1,*0.5,*1,*2
#823,Corviknight,*0.5,*2,*1,*2,*0.25,*1,*1,*0,*0,*0.5,*0.5,*0.25,*1,*1,*0.5,*1,*0.5,*0.5
#822,Corvisquire,*1,*1,*1,*2,*0.5,*2,*0.5,*1,*0,*1,*1,*0.5,*2,*1,*1,*1,*1,*1
#825,Dottler,*1,*2,*1,*1,*0.5,*1,*0.25,*1,*0.5,*2,*0.5,*2,*2,*2,*1,*2,*1,*1
#821,Rookidee,*1,*1,*1,*2,*0.5,*2,*0.5,*1,*0,*1,*1,*0.5,*2,*1,*1,*1,*1,*1
#819,Skwovet,*1,*1,*1,*1,*1,*1,*2,*1,*1,*1,*1,*1,*1,*0,*1,*1,*1,*1
#818,Inteleon,*1,*0.5,*0.5,*2,*2,*0.5,*1,*1,*1,*1,*1,*1,*1,*1,*1,*1,*0.5,*1
#817,Drizzile,*1,*0.5,*0.5,*2,*2,*0.5,*1,*1,*1,*1,*1,*1,*1,*1,*1,*1,*0.5,*1
#816,Sobble,*1,*0.5,*0.5,*2,*2,*0.5,*1,*1,*1,*1,*1,*1,*1,*1,*1,*1,*0.5,*1
#826,Orbeetle,*1,*2,*1,*1,*0.5,*1,*0.25,*1,*0.5,*2,*0.5,*2,*2,*2,*1,*2,*1,*1
#820,Greedent,*1,*1,*1,*1,*1,*1,*2,*1,*1,*1,*1,*1,*1,*0,*1,*1,*1,*1
#814,Raboot,*1,*0.5,*2,*1,*0.5,*0.5,*1,*1,*2,*1,*1,*0.5,*2,*1,*1,*1,*0.5,*0.5
#815,Cinderace,*1,*0.5,*2,*1,*0.5,*0.5,*1,*1,*2,*1,*1,*0.5,*2,*1,*1,*1,*0.5,*0.5
#811,Thwackey,*1,*2,*0.5,*0.5,*0.5,*2,*1,*2,*0.5,*2,*1,*2,*1,*1,*1,*1,*1,*1
#810,Grookey,*1,*2,*0.5,*0.5,*0.5,*2,*1,*2,*0.5,*2,*1,*2,*1,*1,*1,*1,*1,*1
#809,Melmetal,*0.5,*2,*1,*1,*0.5,*0.5,*2,*0,*2,*0.5,*0.5,*0.5,*0.5,*1,*0.5,*1,*0.5,*0.5
#806,Blacephalon,*0,*0.5,*2,*1,*0.5,*0.5,*0,*0.5,*2,*1,*1,*0.25,*2,*2,*1,*2,*0.5,*0.5
#807,Zeraora,*1,*1,*1,*0.5,*1,*1,*1,*1,*2,*0.5,*1,*1,*1,*1,*1,*1,*0.5,*1
#808,Meltan,*0.5,*2,*1,*1,*0.5,*0.5,*2,*0,*2,*0.5,*0.5,*0.5,*0.5,*1,*0.5,*1,*0.5,*0.5
#805,Stakataka,*0.25,*1,*2,*1,*1,*0.5,*4,*0,*4,*0.25,*0.5,*0.5,*0.5,*1,*0.5,*1,*1,*0.5
#804,Naganadel,*1,*0.5,*0.5,*0.5,*0.25,*2,*0.5,*0.5,*2,*1,*2,*0.5,*1,*1,*2,*1,*1,*1
#803,Poipole,*1,*1,*1,*1,*0.5,*1,*0.5,*0.5,*2,*1,*2,*0.5,*1,*1,*1,*1,*1,*0.5
#812,Rillaboom,*1,*2,*0.5,*0.5,*0.5,*2,*1,*2,*0.5,*2,*1,*2,*1,*1,*1,*1,*1,*1
#802,Marshadow,*0,*1,*1,*1,*1,*1,*0,*0.5,*1,*2,*2,*0.25,*0.5,*2,*1,*1,*1,*2
#801,Magearna,*0.5,*2,*1,*1,*0.5,*0.5,*1,*0,*2,*0.5,*0.5,*0.25,*0.5,*1,*0,*0.5,*1,*0.5
#799,Guzzlord,*1,*0.5,*0.5,*0.5,*0.5,*2,*2,*1,*1,*1,*0,*2,*1,*0.5,*2,*0.5,*1,*4
#798,Kartana,*0.5,*4,*0.5,*0.5,*0.25,*1,*2,*0,*1,*1,*0.5,*1,*0.5,*1,*0.5,*1,*0.5,*0.5
#797,Celesteela,*0.5,*2,*1,*2,*0.25,*1,*1,*0,*0,*0.5,*0.5,*0.25,*1,*1,*0.5,*1,*0.5,*0.5
#795,Pheromosa,*1,*2,*1,*1,*0.5,*1,*0.5,*1,*0.5,*4,*2,*0.5,*1,*1,*1,*0.5,*1,*2
#796,Xurkitree,*1,*1,*1,*0.5,*1,*1,*1,*1,*2,*0.5,*1,*1,*1,*1,*1,*1,*0.5,*1
#800,Necrozma,*1,*1,*1,*1,*1,*1,*0.5,*1,*1,*1,*0.5,*2,*1,*2,*1,*2,*1,*1
#793,Nihilego,*0.5,*0.5,*2,*1,*1,*1,*1,*0.25,*4,*0.5,*2,*0.5,*1,*1,*1,*1,*2,*0.5
#794,Buzzwole,*1,*2,*1,*1,*0.5,*1,*0.5,*1,*0.5,*4,*2,*0.5,*1,*1,*1,*0.5,*1,*2
#813,Scorbunny,*1,*0.5,*2,*1,*0.5,*0.5,*1,*1,*2,*1,*1,*0.5,*2,*1,*1,*1,*0.5,*0.5
#790,Cosmoem,*1,*1,*1,*1,*1,*1,*0.5,*1,*1,*1,*0.5,*2,*1,*2,*1,*2,*1,*1
#789,Cosmog,*1,*1,*1,*1,*1,*1,*0.5,*1,*1,*1,*0.5,*2,*1,*2,*1,*2,*1,*1
#792,Lunala,*0,*1,*1,*1,*1,*1,*0,*0.5,*1,*1,*0.5,*1,*1,*4,*1,*4,*1,*1
#787,Tapu Bulu,*1,*2,*0.5,*0.5,*0.5,*2,*0.5,*4,*0.5,*2,*1,*1,*1,*1,*0,*0.5,*2,*1
#791,Solgaleo,*0.5,*2,*1,*1,*0.5,*0.5,*1,*0,*2,*0.5,*0.25,*1,*0.5,*2,*0.5,*2,*0.5,*0.5
#788,Tapu Fini,*1,*0.5,*0.5,*2,*2,*0.5,*0.5,*2,*1,*1,*1,*0.5,*1,*1,*0,*0.5,*1,*1
#786,Tapu Lele,*1,*1,*1,*1,*1,*1,*0.25,*2,*1,*1,*0.5,*1,*1,*2,*0,*1,*2,*1
#781,Dhelmise,*0,*2,*0.5,*0.5,*0.5,*2,*0,*1,*0.5,*2,*1,*1,*1,*2,*1,*2,*1,*1
#780,Drampa,*1,*0.5,*0.5,*0.5,*0.5,*2,*2,*1,*1,*1,*1,*1,*1,*0,*2,*1,*1,*2
#783,Hakamo-o,*1,*0.5,*0.5,*0.5,*0.5,*2,*1,*1,*1,*2,*2,*0.5,*0.5,*1,*2,*0.5,*1,*4
#784,Kommo-o,*1,*0.5,*0.5,*0.5,*0.5,*2,*1,*1,*1,*2,*2,*0.5,*0.5,*1,*2,*0.5,*1,*4
#782,Jangmo-o,*1,*0.5,*0.5,*0.5,*0.5,*2,*1,*1,*1,*1,*1,*1,*1,*1,*2,*1,*1,*2
#785,Tapu Koko,*1,*1,*1,*0.5,*1,*1,*0.5,*2,*2,*0.5,*1,*0.5,*1,*1,*0,*0.5,*1,*1
#778,Mimikyu,*0,*1,*1,*1,*1,*1,*0,*1,*1,*1,*1,*0.25,*1,*2,*0,*1,*2,*1
#777,Togedemaru,*0.5,*2,*1,*0.5,*0.5,*0.5,*2,*0,*4,*0.25,*0.5,*0.5,*0.5,*1,*0.5,*1,*0.25,*0.5
#776,Turtonator,*1,*0.25,*1,*0.5,*0.25,*1,*1,*1,*2,*1,*1,*0.5,*2,*1,*2,*1,*0.5,*1
#773,Silvally,*1,*1,*1,*1,*1,*1,*2,*1,*1,*1,*1,*1,*1,*0,*1,*1,*1,*1
#771,Pyukumuku,*1,*0.5,*0.5,*2,*2,*0.5,*1,*1,*1,*1,*1,*1,*1,*1,*1,*1,*0.5,*1
#769,Sandygast,*0,*1,*2,*0,*2,*2,*0,*0.25,*1,*1,*1,*0.5,*0.5,*2,*1,*2,*1,*1
#772,Type: Null,*1,*1,*1,*1,*1,*1,*2,*1,*1,*1,*1,*1,*1,*0,*1,*1,*1,*1
#770,Palossand,*0,*1,*2,*0,*2,*2,*0,*0.25,*1,*1,*1,*0.5,*0.5,*2,*1,*2,*1,*1
#766,Passimian,*1,*1,*1,*1,*1,*1,*1,*1,*1,*2,*2,*0.5,*0.5,*1,*1,*0.5,*1,*2
#765,Oranguru,*1,*1,*1,*1,*1,*1,*1,*1,*1,*1,*0.5,*2,*1,*0,*1,*2,*1,*1
#764,Comfey,*1,*1,*1,*1,*1,*1,*0.5,*2,*1,*1,*1,*0.5,*1,*1,*0,*0.5,*2,*1
#768,Golisopod,*1,*1,*0.5,*2,*1,*0.5,*0.5,*1,*0.5,*2,*1,*1,*2,*1,*1,*1,*0.5,*1
#767,Wimpod,*1,*1,*0.5,*2,*1,*0.5,*0.5,*1,*0.5,*2,*1,*1,*2,*1,*1,*1,*0.5,*1
#760,Bewear,*1,*1,*1,*1,*1,*1,*2,*1,*1,*2,*2,*0.5,*0.5,*0,*1,*0.5,*1,*2
#763,Tsareena,*1,*2,*0.5,*0.5,*0.5,*2,*1,*2,*0.5,*2,*1,*2,*1,*1,*1,*1,*1,*1
#759,Stufful,*1,*1,*1,*1,*1,*1,*2,*1,*1,*2,*2,*0.5,*0.5,*0,*1,*0.5,*1,*2
#762,Steenee,*1,*2,*0.5,*0.5,*0.5,*2,*1,*2,*0.5,*2,*1,*2,*1,*1,*1,*1,*1,*1
#758,Salazzle,*1,*0.5,*2,*1,*0.25,*0.5,*0.5,*0.5,*4,*1,*2,*0.25,*2,*1,*1,*1,*0.5,*0.25
#761,Bounsweet,*1,*2,*0.5,*0.5,*0.5,*2,*1,*2,*0.5,*2,*1,*2,*1,*1,*1,*1,*1,*1
#755,Morelull,*1,*2,*0.5,*0.5,*0.5,*2,*0.5,*4,*0.5,*2,*1,*1,*1,*1,*0,*0.5,*2,*1
#753,Fomantis,*1,*2,*0.5,*0.5,*0.5,*2,*1,*2,*0.5,*2,*1,*2,*1,*1,*1,*1,*1,*1
#754,Lurantis,*1,*2,*0.5,*0.5,*0.5,*2,*1,*2,*0.5,*2,*1,*2,*1,*1,*1,*1,*1,*1
#757,Salandit,*1,*0.5,*2,*1,*0.25,*0.5,*0.5,*0.5,*4,*1,*2,*0.25,*2,*1,*1,*1,*0.5,*0.25
#756,Shiinotic,*1,*2,*0.5,*0.5,*0.5,*2,*0.5,*4,*0.5,*2,*1,*1,*1,*1,*0,*0.5,*2,*1
#752,Araquanid,*1,*1,*0.5,*2,*1,*0.5,*0.5,*1,*0.5,*2,*1,*1,*2,*1,*1,*1,*0.5,*1
#751,Dewpider,*1,*1,*0.5,*2,*1,*0.5,*0.5,*1,*0.5,*2,*1,*1,*2,*1,*1,*1,*0.5,*1
#749,Mudbray,*1,*1,*2,*0,*2,*2,*1,*0.5,*1,*1,*1,*1,*0.5,*1,*1,*1,*1,*1
#750,Mudsdale,*1,*1,*2,*0,*2,*2,*1,*0.5,*1,*1,*1,*1,*0.5,*1,*1,*1,*1,*1
#748,Toxapex,*1,*0.5,*0.5,*2,*1,*0.5,*0.5,*0.5,*2,*1,*2,*0.5,*1,*1,*1,*1,*0.5,*0.5
#747,Mareanie,*1,*0.5,*0.5,*2,*1,*0.5,*0.5,*0.5,*2,*1,*2,*0.5,*1,*1,*1,*1,*0.5,*0.5
#746,Wishiwashi,*1,*0.5,*0.5,*2,*2,*0.5,*1,*1,*1,*1,*1,*1,*1,*1,*1,*1,*0.5,*1
#745,Lycanroc,*0.5,*0.5,*2,*1,*2,*1,*2,*0.5,*2,*0.5,*1,*1,*1,*1,*1,*1,*2,*1
#743,Ribombee,*1,*2,*1,*1,*0.5,*1,*0.25,*2,*0.5,*2,*1,*0.5,*2,*1,*0,*0.5,*2,*1
#742,Cutiefly,*1,*2,*1,*1,*0.5,*1,*0.25,*2,*0.5,*2,*1,*0.5,*2,*1,*0,*0.5,*2,*1
#737,Charjabug,*1,*2,*1,*0.5,*0.5,*1,*0.5,*1,*1,*1,*1,*1,*2,*1,*1,*1,*0.5,*1
#736,Grubbin,*1,*2,*1,*1,*0.5,*1,*0.5,*1,*0.5,*2,*1,*1,*2,*1,*1,*1,*1,*1
#738,Vikavolt,*1,*2,*1,*0.5,*0.5,*1,*0.5,*1,*1,*1,*1,*1,*2,*1,*1,*1,*0.5,*1
#744,Rockruff,*0.5,*0.5,*2,*1,*2,*1,*2,*0.5,*2,*0.5,*1,*1,*1,*1,*1,*1,*2,*1
#729,Brionne,*1,*0.5,*0.5,*2,*2,*0.5,*1,*1,*1,*1,*1,*1,*1,*1,*1,*1,*0.5,*1
#730,Primarina,*1,*0.5,*0.5,*2,*2,*0.5,*0.5,*2,*1,*1,*1,*0.5,*1,*1,*0,*0.5,*1,*1
#724,Decidueye,*0,*2,*0.5,*0.5,*0.5,*2,*0,*1,*0.5,*2,*1,*1,*1,*2,*1,*2,*1,*1
#728,Popplio,*1,*0.5,*0.5,*2,*2,*0.5,*1,*1,*1,*1,*1,*1,*1,*1,*1,*1,*0.5,*1
#723,Dartrix,*1,*2,*0.5,*1,*0.25,*4,*0.5,*2,*0,*2,*1,*1,*2,*1,*1,*1,*1,*1
#725,Litten,*1,*0.5,*2,*1,*0.5,*0.5,*1,*1,*2,*1,*1,*0.5,*2,*1,*1,*1,*0.5,*0.5
#726,Torracat,*1,*0.5,*2,*1,*0.5,*0.5,*1,*1,*2,*1,*1,*0.5,*2,*1,*1,*1,*0.5,*0.5
#722,Rowlet,*1,*2,*0.5,*1,*0.25,*4,*0.5,*2,*0,*2,*1,*1,*2,*1,*1,*1,*1,*1
#716,Xerneas,*1,*1,*1,*1,*1,*1,*0.5,*2,*1,*1,*1,*0.5,*1,*1,*0,*0.5,*2,*1
#719,Diancie,*0.5,*0.5,*2,*1,*2,*1,*1,*1,*2,*0.5,*1,*0.5,*1,*1,*0,*0.5,*4,*1
#721,Volcanion,*1,*0.25,*1,*2,*1,*0.25,*1,*1,*2,*1,*1,*0.5,*2,*1,*1,*1,*0.25,*0.5
#717,Yveltal,*1,*1,*1,*2,*0.5,*2,*1,*1,*0,*1,*0,*1,*2,*0.5,*1,*0.5,*1,*2
#713,Avalugg,*1,*2,*1,*1,*1,*0.5,*2,*1,*1,*1,*1,*1,*2,*1,*1,*1,*2,*1
#727,Incineroar,*1,*0.5,*2,*1,*0.5,*0.5,*2,*1,*2,*1,*0,*1,*2,*0.5,*1,*0.5,*0.5,*1
#718,Zygarde,*1,*0.5,*1,*0,*1,*4,*1,*0.5,*1,*1,*1,*1,*0.5,*1,*2,*1,*1,*2
#714,Noibat,*1,*0.5,*0.5,*1,*0.25,*4,*0.5,*1,*0,*1,*1,*0.5,*2,*1,*2,*1,*1,*2
#715,Noivern,*1,*0.5,*0.5,*1,*0.25,*4,*0.5,*1,*0,*1,*1,*0.5,*2,*1,*2,*1,*1,*2
#706,Goodra,*1,*0.5,*0.5,*0.5,*0.5,*2,*1,*1,*1,*1,*1,*1,*1,*1,*2,*1,*1,*2
#712,Bergmite,*1,*2,*1,*1,*1,*0.5,*2,*1,*1,*1,*1,*1,*2,*1,*1,*1,*2,*1
#711,Gourgeist,*0,*2,*0.5,*0.5,*0.5,*2,*0,*1,*0.5,*2,*1,*1,*1,*2,*1,*2,*1,*1
#709,Trevenant,*0,*2,*0.5,*0.5,*0.5,*2,*0,*1,*0.5,*2,*1,*1,*1,*2,*1,*2,*1,*1
#710,Pumpkaboo,*0,*2,*0.5,*0.5,*0.5,*2,*0,*1,*0.5,*2,*1,*1,*1,*2,*1,*2,*1,*1
#707,Klefki,*0.5,*2,*1,*1,*0.5,*0.5,*1,*0,*2,*0.5,*0.5,*0.25,*0.5,*1,*0,*0.5,*1,*0.5
#705,Sliggoo,*1,*0.5,*0.5,*0.5,*0.5,*2,*1,*1,*1,*1,*1,*1,*1,*1,*2,*1,*1,*2
#708,Phantump,*0,*2,*0.5,*0.5,*0.5,*2,*0,*1,*0.5,*2,*1,*1,*1,*2,*1,*2,*1,*1
#704,Goomy,*1,*0.5,*0.5,*0.5,*0.5,*2,*1,*1,*1,*1,*1,*1,*1,*1,*2,*1,*1,*2
#701,Hawlucha,*1,*1,*1,*2,*0.5,*2,*0.5,*1,*0,*2,*2,*0.25,*1,*1,*1,*0.5,*1,*2
#700,Sylveon,*1,*1,*1,*1,*1,*1,*0.5,*2,*1,*1,*1,*0.5,*1,*1,*0,*0.5,*2,*1
#703,Carbink,*0.5,*0.5,*2,*1,*2,*1,*1,*1,*2,*0.5,*1,*0.5,*1,*1,*0,*0.5,*4,*1
#702,Dedenne,*1,*1,*1,*0.5,*1,*1,*0.5,*2,*2,*0.5,*1,*0.5,*1,*1,*0,*0.5,*1,*1
#695,Heliolisk,*1,*1,*1,*0.5,*1,*1,*2,*1,*2,*0.5,*1,*1,*1,*0,*1,*1,*0.5,*1
#694,Helioptile,*1,*1,*1,*0.5,*1,*1,*2,*1,*2,*0.5,*1,*1,*1,*0,*1,*1,*0.5,*1
#699,Aurorus,*0.5,*1,*2,*1,*2,*0.5,*4,*0.5,*2,*0.5,*1,*1,*2,*1,*1,*1,*4,*1
#693,Clawitzer,*1,*0.5,*0.5,*2,*2,*0.5,*1,*1,*1,*1,*1,*1,*1,*1,*1,*1,*0.5,*1
#696,Tyrunt,*0.5,*0.25,*1,*0.5,*1,*2,*2,*0.5,*2,*0.5,*1,*1,*1,*1,*2,*1,*2,*2
#698,Amaura,*0.5,*1,*2,*1,*2,*0.5,*4,*0.5,*2,*0.5,*1,*1,*2,*1,*1,*1,*4,*1
#697,Tyrantrum,*0.5,*0.25,*1,*0.5,*1,*2,*2,*0.5,*2,*0.5,*1,*1,*1,*1,*2,*1,*2,*2
#692,Clauncher,*1,*0.5,*0.5,*2,*2,*0.5,*1,*1,*1,*1,*1,*1,*1,*1,*1,*1,*0.5,*1
#691,Dragalge,*1,*0.5,*0.5,*0.5,*0.25,*2,*0.5,*0.5,*2,*1,*2,*0.5,*1,*1,*2,*1,*1,*1
#687,Malamar,*1,*1,*1,*1,*1,*1,*1,*1,*1,*1,*0,*4,*1,*1,*1,*1,*1,*2
#690,Skrelp,*1,*0.5,*0.5,*2,*1,*0.5,*0.5,*0.5,*2,*1,*2,*0.5,*1,*1,*1,*1,*0.5,*0.5
#688,Binacle,*0.5,*0.25,*1,*2,*4,*0.5,*2,*0.5,*2,*0.5,*1,*1,*1,*1,*1,*1,*1,*1
#685,Slurpuff,*1,*1,*1,*1,*1,*1,*0.5,*2,*1,*1,*1,*0.5,*1,*1,*0,*0.5,*2,*1
#686,Inkay,*1,*1,*1,*1,*1,*1,*1,*1,*1,*1,*0,*4,*1,*1,*1,*1,*1,*2
#689,Barbaracle,*0.5,*0.25,*1,*2,*4,*0.5,*2,*0.5,*2,*0.5,*1,*1,*1,*1,*1,*1,*1,*1
#683,Aromatisse,*1,*1,*1,*1,*1,*1,*0.5,*2,*1,*1,*1,*0.5,*1,*1,*0,*0.5,*2,*1
#684,Swirlix,*1,*1,*1,*1,*1,*1,*0.5,*2,*1,*1,*1,*0.5,*1,*1,*0,*0.5,*2,*1
#682,Spritzee,*1,*1,*1,*1,*1,*1,*0.5,*2,*1,*1,*1,*0.5,*1,*1,*0,*0.5,*2,*1
#679,Honedge,*0,*2,*1,*1,*0.5,*0.5,*0,*0,*2,*0.5,*0.5,*0.25,*0.5,*2,*0.5,*2,*0.5,*0.5
#678,Meowstic,*1,*1,*1,*1,*1,*1,*0.5,*1,*1,*1,*0.5,*2,*1,*2,*1,*2,*1,*1
#681,Aegislash,*0,*2,*1,*1,*0.5,*0.5,*0,*0,*2,*0.5,*0.5,*0.25,*0.5,*2,*0.5,*2,*0.5,*0.5
#680,Doublade,*0,*2,*1,*1,*0.5,*0.5,*0,*0,*2,*0.5,*0.5,*0.25,*0.5,*2,*0.5,*2,*0.5,*0.5
#675,Pangoro,*1,*1,*1,*1,*1,*1,*2,*1,*1,*2,*0,*1,*0.5,*0.5,*1,*0.25,*1,*4
#677,Espurr,*1,*1,*1,*1,*1,*1,*0.5,*1,*1,*1,*0.5,*2,*1,*2,*1,*2,*1,*1
#674,Pancham,*1,*1,*1,*1,*1,*1,*1,*1,*1,*2,*2,*0.5,*0.5,*1,*1,*0.5,*1,*2
#661,Fletchling,*1,*1,*1,*2,*0.5,*2,*1,*1,*0,*1,*1,*0.5,*2,*0,*1,*1,*1,*1
#662,Fletchinder,*1,*0.5,*2,*2,*0.25,*1,*0.5,*1,*0,*1,*1,*0.25,*4,*1,*1,*1,*0.5,*0.5
#663,Talonflame,*1,*0.5,*2,*2,*0.25,*1,*0.5,*1,*0,*1,*1,*0.25,*4,*1,*1,*1,*0.5,*0.5
#649,Genesect,*0.5,*4,*1,*1,*0.25,*0.5,*1,*0,*1,*1,*0.5,*0.5,*1,*1,*0.5,*1,*0.5,*0.5
#660,Diggersby,*1,*1,*2,*0,*2,*2,*2,*0.5,*1,*1,*1,*1,*0.5,*0,*1,*1,*1,*1
#647,Keldeo,*1,*0.5,*0.5,*2,*2,*0.5,*1,*1,*1,*2,*2,*0.5,*0.5,*1,*1,*0.5,*0.5,*2
#646,Kyurem,*1,*1,*0.5,*0.5,*0.5,*1,*2,*1,*1,*1,*1,*1,*2,*1,*2,*1,*2,*2
#642,Thundurus,*1,*1,*1,*1,*0.5,*2,*0.5,*1,*0,*0.5,*1,*0.5,*2,*1,*1,*1,*0.5,*1
#659,Bunnelby,*1,*1,*1,*1,*1,*1,*2,*1,*1,*1,*1,*1,*1,*0,*1,*1,*1,*1
#645,Landorus,*1,*1,*2,*0,*1,*4,*0.5,*0.5,*0,*1,*1,*0.5,*1,*1,*1,*1,*1,*1
#644,Zekrom,*1,*0.5,*0.5,*0.25,*0.5,*2,*1,*1,*2,*0.5,*1,*1,*1,*1,*2,*1,*0.5,*2
#641,Tornadus,*1,*1,*1,*2,*0.5,*2,*0.5,*1,*0,*1,*1,*0.5,*2,*1,*1,*1,*1,*1
#640,Virizion,*1,*2,*0.5,*0.5,*0.5,*2,*1,*2,*0.5,*4,*2,*1,*0.5,*1,*1,*0.5,*1,*2
#643,Reshiram,*1,*0.25,*1,*0.5,*0.25,*1,*1,*1,*2,*1,*1,*0.5,*2,*1,*2,*1,*0.5,*1
#638,Cobalion,*0.5,*2,*1,*1,*0.5,*0.5,*2,*0,*2,*1,*1,*0.25,*0.25,*1,*0.5,*0.5,*0.5,*1
#639,Terrakion,*0.5,*0.5,*2,*1,*2,*1,*2,*0.5,*2,*1,*2,*0.5,*0.5,*1,*1,*0.5,*2,*2
#635,Hydreigon,*1,*0.5,*0.5,*0.5,*0.5,*2,*2,*1,*1,*1,*0,*2,*1,*0.5,*2,*0.5,*1,*4
#636,Larvesta,*1,*1,*2,*1,*0.25,*0.5,*0.5,*1,*1,*2,*1,*0.5,*4,*1,*1,*1,*0.5,*0.5
#634,Zweilous,*1,*0.5,*0.5,*0.5,*0.5,*2,*2,*1,*1,*1,*0,*2,*1,*0.5,*2,*0.5,*1,*4
#631,Heatmor,*1,*0.5,*2,*1,*0.5,*0.5,*1,*1,*2,*1,*1,*0.5,*2,*1,*1,*1,*0.5,*0.5
#637,Volcarona,*1,*1,*2,*1,*0.25,*0.5,*0.5,*1,*1,*2,*1,*0.5,*4,*1,*1,*1,*0.5,*0.5
#630,Mandibuzz,*1,*1,*1,*2,*0.5,*2,*1,*1,*0,*1,*0,*1,*2,*0.5,*1,*0.5,*1,*2
#633,Deino,*1,*0.5,*0.5,*0.5,*0.5,*2,*2,*1,*1,*1,*0,*2,*1,*0.5,*2,*0.5,*1,*4
#629,Vullaby,*1,*1,*1,*2,*0.5,*2,*1,*1,*0,*1,*0,*1,*2,*0.5,*1,*0.5,*1,*2
#628,Braviary,*1,*1,*1,*2,*0.5,*2,*1,*1,*0,*1,*1,*0.5,*2,*0,*1,*1,*1,*1
#632,Durant,*0.5,*4,*1,*1,*0.25,*0.5,*1,*0,*1,*1,*0.5,*0.5,*1,*1,*0.5,*1,*0.5,*0.5
#626,Bouffalant,*1,*1,*1,*1,*1,*1,*2,*1,*1,*1,*1,*1,*1,*0,*1,*1,*1,*1
#627,Rufflet,*1,*1,*1,*2,*0.5,*2,*1,*1,*0,*1,*1,*0.5,*2,*0,*1,*1,*1,*1
#625,Bisharp,*0.5,*2,*1,*1,*0.5,*0.5,*4,*0,*2,*0.5,*0,*1,*0.5,*0.5,*0.5,*0.5,*0.5,*1
#624,Pawniard,*0.5,*2,*1,*1,*0.5,*0.5,*4,*0,*2,*0.5,*0,*1,*0.5,*0.5,*0.5,*0.5,*0.5,*1
#622,Golett,*0,*1,*2,*0,*2,*2,*0,*0.25,*1,*1,*1,*0.5,*0.5,*2,*1,*2,*1,*1
#619,Mienfoo,*1,*1,*1,*1,*1,*1,*1,*1,*1,*2,*2,*0.5,*0.5,*1,*1,*0.5,*1,*2
#623,Golurk,*0,*1,*2,*0,*2,*2,*0,*0.25,*1,*1,*1,*0.5,*0.5,*2,*1,*2,*1,*1
#621,Druddigon,*1,*0.5,*0.5,*0.5,*0.5,*2,*1,*1,*1,*1,*1,*1,*1,*1,*2,*1,*1,*2
#618,Stunfisk,*1,*1,*2,*0,*2,*2,*1,*0.5,*2,*0.5,*1,*1,*0.5,*1,*1,*1,*0.5,*1
#620,Mienshao,*1,*1,*1,*1,*1,*1,*1,*1,*1,*2,*2,*0.5,*0.5,*1,*1,*0.5,*1,*2
#617,Accelgor,*1,*2,*1,*1,*0.5,*1,*0.5,*1,*0.5,*2,*1,*1,*2,*1,*1,*1,*1,*1
#614,Beartic,*1,*2,*1,*1,*1,*0.5,*2,*1,*1,*1,*1,*1,*2,*1,*1,*1,*2,*1
#612,Haxorus,*1,*0.5,*0.5,*0.5,*0.5,*2,*1,*1,*1,*1,*1,*1,*1,*1,*2,*1,*1,*2
#611,Fraxure,*1,*0.5,*0.5,*0.5,*0.5,*2,*1,*1,*1,*1,*1,*1,*1,*1,*2,*1,*1,*2
#615,Cryogonal,*1,*2,*1,*1,*1,*0.5,*2,*1,*1,*1,*1,*1,*2,*1,*1,*1,*2,*1
#616,Shelmet,*1,*2,*1,*1,*0.5,*1,*0.5,*1,*0.5,*2,*1,*1,*2,*1,*1,*1,*1,*1
#613,Cubchoo,*1,*2,*1,*1,*1,*0.5,*2,*1,*1,*1,*1,*1,*2,*1,*1,*1,*2,*1
#610,Axew,*1,*0.5,*0.5,*0.5,*0.5,*2,*1,*1,*1,*1,*1,*1,*1,*1,*2,*1,*1,*2
#606,Beheeyem,*1,*1,*1,*1,*1,*1,*0.5,*1,*1,*1,*0.5,*2,*1,*2,*1,*2,*1,*1
#607,Litwick,*0,*0.5,*2,*1,*0.5,*0.5,*0,*0.5,*2,*1,*1,*0.25,*2,*2,*1,*2,*0.5,*0.5
#608,Lampent,*0,*0.5,*2,*1,*0.5,*0.5,*0,*0.5,*2,*1,*1,*0.25,*2,*2,*1,*2,*0.5,*0.5
#605,Elgyem,*1,*1,*1,*1,*1,*1,*0.5,*1,*1,*1,*0.5,*2,*1,*2,*1,*2,*1,*1
#601,Klinklang,*0.5,*2,*1,*1,*0.5,*0.5,*2,*0,*2,*0.5,*0.5,*0.5,*0.5,*1,*0.5,*1,*0.5,*0.5
#609,Chandelure,*0,*0.5,*2,*1,*0.5,*0.5,*0,*0.5,*2,*1,*1,*0.25,*2,*2,*1,*2,*0.5,*0.5
#600,Klang,*0.5,*2,*1,*1,*0.5,*0.5,*2,*0,*2,*0.5,*0.5,*0.5,*0.5,*1,*0.5,*1,*0.5,*0.5
#599,Klink,*0.5,*2,*1,*1,*0.5,*0.5,*2,*0,*2,*0.5,*0.5,*0.5,*0.5,*1,*0.5,*1,*0.5,*0.5
#596,Galvantula,*1,*2,*1,*0.5,*0.5,*1,*0.5,*1,*1,*1,*1,*1,*2,*1,*1,*1,*0.5,*1
#598,Ferrothorn,*0.5,*4,*0.5,*0.5,*0.25,*1,*2,*0,*1,*1,*0.5,*1,*0.5,*1,*0.5,*1,*0.5,*0.5
#597,Ferroseed,*0.5,*4,*0.5,*0.5,*0.25,*1,*2,*0,*1,*1,*0.5,*1,*0.5,*1,*0.5,*1,*0.5,*0.5
#595,Joltik,*1,*2,*1,*0.5,*0.5,*1,*0.5,*1,*1,*1,*1,*1,*2,*1,*1,*1,*0.5,*1
#591,Amoonguss,*1,*2,*0.5,*0.5,*0.25,*2,*0.5,*1,*1,*2,*2,*1,*1,*1,*1,*1,*1,*0.5
#592,Frillish,*0,*0.5,*0.5,*2,*2,*0.5,*0,*0.5,*1,*1,*1,*0.5,*1,*2,*1,*2,*0.5,*1
#590,Foongus,*1,*2,*0.5,*0.5,*0.25,*2,*0.5,*1,*1,*2,*2,*1,*1,*1,*1,*1,*1,*0.5
#588,Karrablast,*1,*2,*1,*1,*0.5,*1,*0.5,*1,*0.5,*2,*1,*1,*2,*1,*1,*1,*1,*1
#593,Jellicent,*0,*0.5,*0.5,*2,*2,*0.5,*0,*0.5,*1,*1,*1,*0.5,*1,*2,*1,*2,*0.5,*1
#587,Emolga,*1,*1,*1,*1,*0.5,*2,*0.5,*1,*0,*0.5,*1,*0.5,*2,*1,*1,*1,*0.5,*1
#589,Escavalier,*0.5,*4,*1,*1,*0.25,*0.5,*1,*0,*1,*1,*0.5,*0.5,*1,*1,*0.5,*1,*0.5,*0.5
#584,Vanilluxe,*1,*2,*1,*1,*1,*0.5,*2,*1,*1,*1,*1,*1,*2,*1,*1,*1,*2,*1
#583,Vanillish,*1,*2,*1,*1,*1,*0.5,*2,*1,*1,*1,*1,*1,*2,*1,*1,*1,*2,*1
#582,Vanillite,*1,*2,*1,*1,*1,*0.5,*2,*1,*1,*1,*1,*1,*2,*1,*1,*1,*2,*1
#575,Gothorita,*1,*1,*1,*1,*1,*1,*0.5,*1,*1,*1,*0.5,*2,*1,*2,*1,*2,*1,*1
#578,Duosion,*1,*1,*1,*1,*1,*1,*0.5,*1,*1,*1,*0.5,*2,*1,*2,*1,*2,*1,*1
#574,Gothita,*1,*1,*1,*1,*1,*1,*0.5,*1,*1,*1,*0.5,*2,*1,*2,*1,*2,*1,*1
#579,Reuniclus,*1,*1,*1,*1,*1,*1,*0.5,*1,*1,*1,*0.5,*2,*1,*2,*1,*2,*1,*1
#571,Zoroark,*1,*1,*1,*1,*1,*1,*2,*1,*1,*1,*0,*2,*1,*0.5,*1,*0.5,*1,*2
#576,Gothitelle,*1,*1,*1,*1,*1,*1,*0.5,*1,*1,*1,*0.5,*2,*1,*2,*1,*2,*1,*1
#577,Solosis,*1,*1,*1,*1,*1,*1,*0.5,*1,*1,*1,*0.5,*2,*1,*2,*1,*2,*1,*1
#572,Minccino,*1,*1,*1,*1,*1,*1,*2,*1,*1,*1,*1,*1,*1,*0,*1,*1,*1,*1
#573,Cinccino,*1,*1,*1,*1,*1,*1,*2,*1,*1,*1,*1,*1,*1,*0,*1,*1,*1,*1
#567,Archeops,*0.5,*0.5,*2,*2,*1,*2,*1,*0.5,*0,*0.5,*1,*0.5,*2,*1,*1,*1,*2,*1
#570,Zorua,*1,*1,*1,*1,*1,*1,*2,*1,*1,*1,*0,*2,*1,*0.5,*1,*0.5,*1,*2
#569,Garbodor,*1,*1,*1,*1,*0.5,*1,*0.5,*0.5,*2,*1,*2,*0.5,*1,*1,*1,*1,*1,*0.5
#568,Trubbish,*1,*1,*1,*1,*0.5,*1,*0.5,*0.5,*2,*1,*2,*0.5,*1,*1,*1,*1,*1,*0.5
#562,Yamask,*0,*1,*1,*1,*1,*1,*0,*0.5,*1,*1,*1,*0.5,*1,*2,*1,*2,*1,*1
#563,Cofagrigus,*0,*1,*1,*1,*1,*1,*0,*0.5,*1,*1,*1,*0.5,*1,*2,*1,*2,*1,*1
#564,Tirtouga,*0.5,*0.25,*1,*2,*4,*0.5,*2,*0.5,*2,*0.5,*1,*1,*1,*1,*1,*1,*1,*1
#565,Carracosta,*0.5,*0.25,*1,*2,*4,*0.5,*2,*0.5,*2,*0.5,*1,*1,*1,*1,*1,*1,*1,*1
#561,Sigilyph,*1,*1,*1,*2,*0.5,*2,*0.25,*1,*0,*1,*0.5,*1,*2,*2,*1,*2,*1,*1
#566,Archen,*0.5,*0.5,*2,*2,*1,*2,*1,*0.5,*0,*0.5,*1,*0.5,*2,*1,*1,*1,*2,*1
#560,Scrafty,*1,*1,*1,*1,*1,*1,*2,*1,*1,*2,*0,*1,*0.5,*0.5,*1,*0.25,*1,*4
#559,Scraggy,*1,*1,*1,*1,*1,*1,*2,*1,*1,*2,*0,*1,*0.5,*0.5,*1,*0.25,*1,*4
#558,Crustle,*0.5,*1,*2,*1,*1,*1,*1,*0.5,*1,*1,*1,*1,*2,*1,*1,*1,*2,*1
#557,Dwebble,*0.5,*1,*2,*1,*1,*1,*1,*0.5,*1,*1,*1,*1,*2,*1,*1,*1,*2,*1
#556,Maractus,*1,*2,*0.5,*0.5,*0.5,*2,*1,*2,*0.5,*2,*1,*2,*1,*1,*1,*1,*1,*1
#554,Darumaka,*1,*0.5,*2,*1,*0.5,*0.5,*1,*1,*2,*1,*1,*0.5,*2,*1,*1,*1,*0.5,*0.5
#550,Basculin,*1,*0.5,*0.5,*2,*2,*0.5,*1,*1,*1,*1,*1,*1,*1,*1,*1,*1,*0.5,*1
#551,Sandile,*1,*1,*2,*0,*2,*2,*2,*0.5,*1,*1,*0,*2,*0.5,*0.5,*1,*0.5,*1,*2
#552,Krokorok,*1,*1,*2,*0,*2,*2,*2,*0.5,*1,*1,*0,*2,*0.5,*0.5,*1,*0.5,*1,*2
#553,Krookodile,*1,*1,*2,*0,*2,*2,*2,*0.5,*1,*1,*0,*2,*0.5,*0.5,*1,*0.5,*1,*2
#555,Darmanitan,*1,*0.5,*2,*1,*0.5,*0.5,*1,*1,*2,*1,*1,*0.5,*2,*1,*1,*1,*0.5,*0.5
#549,Lilligant,*1,*2,*0.5,*0.5,*0.5,*2,*1,*2,*0.5,*2,*1,*2,*1,*1,*1,*1,*1,*1
#548,Petilil,*1,*2,*0.5,*0.5,*0.5,*2,*1,*2,*0.5,*2,*1,*2,*1,*1,*1,*1,*1,*1
#546,Cottonee,*1,*2,*0.5,*0.5,*0.5,*2,*0.5,*4,*0.5,*2,*1,*1,*1,*1,*0,*0.5,*2,*1
#547,Whimsicott,*1,*2,*0.5,*0.5,*0.5,*2,*0.5,*4,*0.5,*2,*1,*1,*1,*1,*0,*0.5,*2,*1
#545,Scolipede,*1,*2,*1,*1,*0.25,*1,*0.25,*0.5,*1,*2,*2,*0.5,*2,*1,*1,*1,*1,*0.5
#544,Whirlipede,*1,*2,*1,*1,*0.25,*1,*0.25,*0.5,*1,*2,*2,*0.5,*2,*1,*1,*1,*1,*0.5
#543,Venipede,*1,*2,*1,*1,*0.25,*1,*0.25,*0.5,*1,*2,*2,*0.5,*2,*1,*1,*1,*1,*0.5
#539,Sawk,*1,*1,*1,*1,*1,*1,*1,*1,*1,*2,*2,*0.5,*0.5,*1,*1,*0.5,*1,*2
#536,Palpitoad,*1,*0.5,*1,*0,*4,*1,*1,*0.5,*1,*1,*1,*1,*0.5,*1,*1,*1,*0.5,*1
#535,Tympole,*1,*0.5,*0.5,*2,*2,*0.5,*1,*1,*1,*1,*1,*1,*1,*1,*1,*1,*0.5,*1
#538,Throh,*1,*1,*1,*1,*1,*1,*1,*1,*1,*2,*2,*0.5,*0.5,*1,*1,*0.5,*1,*2
#533,Gurdurr,*1,*1,*1,*1,*1,*1,*1,*1,*1,*2,*2,*0.5,*0.5,*1,*1,*0.5,*1,*2
#534,Conkeldurr,*1,*1,*1,*1,*1,*1,*1,*1,*1,*2,*2,*0.5,*0.5,*1,*1,*0.5,*1,*2
#530,Excadrill,*0.5,*2,*2,*0,*1,*1,*2,*0,*2,*0.5,*0.5,*0.5,*0.25,*1,*0.5,*1,*0.5,*0.5
#531,Audino,*1,*1,*1,*1,*1,*1,*2,*1,*1,*1,*1,*1,*1,*0,*1,*1,*1,*1
#529,Drilbur,*1,*1,*2,*0,*2,*2,*1,*0.5,*1,*1,*1,*1,*0.5,*1,*1,*1,*1,*1
#527,Woobat,*1,*1,*1,*2,*0.5,*2,*0.25,*1,*0,*1,*0.5,*1,*2,*2,*1,*2,*1,*1
#537,Seismitoad,*1,*0.5,*1,*0,*4,*1,*1,*0.5,*1,*1,*1,*1,*0.5,*1,*1,*1,*0.5,*1
#525,Boldore,*0.5,*0.5,*2,*1,*2,*1,*2,*0.5,*2,*0.5,*1,*1,*1,*1,*1,*1,*2,*1
#528,Swoobat,*1,*1,*1,*2,*0.5,*2,*0.25,*1,*0,*1,*0.5,*1,*2,*2,*1,*2,*1,*1
#532,Timburr,*1,*1,*1,*1,*1,*1,*1,*1,*1,*2,*2,*0.5,*0.5,*1,*1,*0.5,*1,*2
#524,Roggenrola,*0.5,*0.5,*2,*1,*2,*1,*2,*0.5,*2,*0.5,*1,*1,*1,*1,*1,*1,*2,*1
#521,Unfezant,*1,*1,*1,*2,*0.5,*2,*1,*1,*0,*1,*1,*0.5,*2,*0,*1,*1,*1,*1
#518,Musharna,*1,*1,*1,*1,*1,*1,*0.5,*1,*1,*1,*0.5,*2,*1,*2,*1,*2,*1,*1
#520,Tranquill,*1,*1,*1,*2,*0.5,*2,*1,*1,*0,*1,*1,*0.5,*2,*0,*1,*1,*1,*1
#526,Gigalith,*0.5,*0.5,*2,*1,*2,*1,*2,*0.5,*2,*0.5,*1,*1,*1,*1,*1,*1,*2,*1
#519,Pidove,*1,*1,*1,*2,*0.5,*2,*1,*1,*0,*1,*1,*0.5,*2,*0,*1,*1,*1,*1
#517,Munna,*1,*1,*1,*1,*1,*1,*0.5,*1,*1,*1,*0.5,*2,*1,*2,*1,*2,*1,*1
#509,Purrloin,*1,*1,*1,*1,*1,*1,*2,*1,*1,*1,*0,*2,*1,*0.5,*1,*0.5,*1,*2
#508,Stoutland,*1,*1,*1,*1,*1,*1,*2,*1,*1,*1,*1,*1,*1,*0,*1,*1,*1,*1
#510,Liepard,*1,*1,*1,*1,*1,*1,*2,*1,*1,*1,*0,*2,*1,*0.5,*1,*0.5,*1,*2
#506,Lillipup,*1,*1,*1,*1,*1,*1,*2,*1,*1,*1,*1,*1,*1,*0,*1,*1,*1,*1
#494,Victini,*1,*0.5,*2,*1,*0.5,*0.5,*0.5,*1,*2,*1,*0.5,*1,*2,*2,*1,*2,*0.5,*0.5
#485,Heatran,*0.5,*1,*2,*1,*0.25,*0.25,*2,*0,*4,*0.5,*0.5,*0.25,*1,*1,*0.5,*1,*0.25,*0.25
#487,Giratina,*0,*0.5,*0.5,*0.5,*0.5,*2,*0,*0.5,*1,*1,*1,*0.5,*1,*2,*2,*2,*1,*2
#486,Regigigas,*1,*1,*1,*1,*1,*1,*2,*1,*1,*1,*1,*1,*1,*0,*1,*1,*1,*1
#488,Cresselia,*1,*1,*1,*1,*1,*1,*0.5,*1,*1,*1,*0.5,*2,*1,*2,*1,*2,*1,*1
#481,Mesprit,*1,*1,*1,*1,*1,*1,*0.5,*1,*1,*1,*0.5,*2,*1,*2,*1,*2,*1,*1
#483,Dialga,*0.5,*1,*0.5,*0.5,*0.25,*1,*2,*0,*2,*0.5,*0.5,*0.5,*0.5,*1,*1,*1,*0.5,*1
#480,Uxie,*1,*1,*1,*1,*1,*1,*0.5,*1,*1,*1,*0.5,*2,*1,*2,*1,*2,*1,*1
#484,Palkia,*1,*0.25,*0.25,*1,*1,*1,*1,*1,*1,*1,*1,*1,*1,*1,*2,*1,*0.5,*2
#482,Azelf,*1,*1,*1,*1,*1,*1,*0.5,*1,*1,*1,*0.5,*2,*1,*2,*1,*2,*1,*1
#507,Herdier,*1,*1,*1,*1,*1,*1,*2,*1,*1,*1,*1,*1,*1,*0,*1,*1,*1,*1
#478,Froslass,*0,*2,*1,*1,*1,*0.5,*0,*0.5,*1,*1,*1,*0.5,*2,*2,*1,*2,*2,*1
#477,Dusknoir,*0,*1,*1,*1,*1,*1,*0,*0.5,*1,*1,*1,*0.5,*1,*2,*1,*2,*1,*1
#474,Porygon-Z,*1,*1,*1,*1,*1,*1,*2,*1,*1,*1,*1,*1,*1,*0,*1,*1,*1,*1
#479,Rotom,*0,*1,*1,*0.5,*1,*1,*0,*0.5,*2,*0.5,*1,*0.5,*1,*2,*1,*2,*0.5,*1
#467,Magmortar,*1,*0.5,*2,*1,*0.5,*0.5,*1,*1,*2,*1,*1,*0.5,*2,*1,*1,*1,*0.5,*0.5
#473,Mamoswine,*1,*2,*2,*0,*2,*1,*2,*0.5,*1,*1,*1,*1,*1,*1,*1,*1,*2,*1
#471,Glaceon,*1,*2,*1,*1,*1,*0.5,*2,*1,*1,*1,*1,*1,*2,*1,*1,*1,*2,*1
#475,Gallade,*1,*1,*1,*1,*1,*1,*0.5,*1,*1,*2,*1,*1,*0.5,*2,*1,*1,*1,*2
#470,Leafeon,*1,*2,*0.5,*0.5,*0.5,*2,*1,*2,*0.5,*2,*1,*2,*1,*1,*1,*1,*1,*1
#466,Electivire,*1,*1,*1,*0.5,*1,*1,*1,*1,*2,*0.5,*1,*1,*1,*1,*1,*1,*0.5,*1
#468,Togekiss,*1,*1,*1,*2,*0.5,*2,*0.25,*2,*0,*1,*1,*0.25,*2,*1,*0,*0.5,*2,*1
#465,Tangrowth,*1,*2,*0.5,*0.5,*0.5,*2,*1,*2,*0.5,*2,*1,*2,*1,*1,*1,*1,*1,*1
#464,Rhyperior,*0.5,*0.5,*4,*0,*4,*2,*2,*0.25,*2,*0.5,*1,*1,*0.5,*1,*1,*1,*2,*1
#459,Snover,*1,*4,*0.5,*0.5,*0.5,*1,*2,*2,*0.5,*2,*1,*2,*2,*1,*1,*1,*2,*1
#460,Abomasnow,*1,*4,*0.5,*0.5,*0.5,*1,*2,*2,*0.5,*2,*1,*2,*2,*1,*1,*1,*2,*1
#463,Lickilicky,*1,*1,*1,*1,*1,*1,*2,*1,*1,*1,*1,*1,*1,*0,*1,*1,*1,*1
#461,Weavile,*1,*2,*1,*1,*1,*0.5,*4,*1,*1,*1,*0,*2,*2,*0.5,*1,*0.5,*2,*2
#462,Magnezone,*0.5,*2,*1,*0.5,*0.5,*0.5,*2,*0,*4,*0.25,*0.5,*0.5,*0.5,*1,*0.5,*1,*0.25,*0.5
#453,Croagunk,*1,*1,*1,*1,*0.5,*1,*0.5,*0.5,*2,*2,*4,*0.25,*0.5,*1,*1,*0.5,*1,*1
#458,Mantyke,*1,*0.5,*0.5,*4,*1,*1,*0.5,*1,*0,*1,*1,*0.5,*2,*1,*1,*1,*0.5,*1
#454,Toxicroak,*1,*1,*1,*1,*0.5,*1,*0.5,*0.5,*2,*2,*4,*0.25,*0.5,*1,*1,*0.5,*1,*1
#452,Drapion,*1,*1,*1,*1,*0.5,*1,*1,*0.5,*2,*1,*0,*1,*1,*0.5,*1,*0.5,*1,*1
#451,Skorupi,*1,*2,*1,*1,*0.25,*1,*0.25,*0.5,*1,*2,*2,*0.5,*2,*1,*1,*1,*1,*0.5
#447,Riolu,*1,*1,*1,*1,*1,*1,*1,*1,*1,*2,*2,*0.5,*0.5,*1,*1,*0.5,*1,*2
#450,Hippowdon,*1,*1,*2,*0,*2,*2,*1,*0.5,*1,*1,*1,*1,*0.5,*1,*1,*1,*1,*1
#449,Hippopotas,*1,*1,*2,*0,*2,*2,*1,*0.5,*1,*1,*1,*1,*0.5,*1,*1,*1,*1,*1
#448,Lucario,*0.5,*2,*1,*1,*0.5,*0.5,*2,*0,*2,*1,*1,*0.25,*0.25,*1,*0.5,*0.5,*0.5,*1
#442,Spiritomb,*0,*1,*1,*1,*1,*1,*0,*0.5,*1,*1,*0,*1,*1,*1,*1,*1,*1,*2
#446,Munchlax,*1,*1,*1,*1,*1,*1,*2,*1,*1,*1,*1,*1,*1,*0,*1,*1,*1,*1
#444,Gabite,*1,*0.5,*1,*0,*1,*4,*1,*0.5,*1,*1,*1,*1,*0.5,*1,*2,*1,*1,*2
#445,Garchomp,*1,*0.5,*1,*0,*1,*4,*1,*0.5,*1,*1,*1,*1,*0.5,*1,*2,*1,*1,*2
#443,Gible,*1,*0.5,*1,*0,*1,*4,*1,*0.5,*1,*1,*1,*1,*0.5,*1,*2,*1,*1,*2
#438,Bonsly,*0.5,*0.5,*2,*1,*2,*1,*2,*0.5,*2,*0.5,*1,*1,*1,*1,*1,*1,*2,*1
#436,Bronzor,*0.5,*2,*1,*1,*0.5,*0.5,*1,*0,*2,*0.5,*0.25,*1,*0.5,*2,*0.5,*2,*0.5,*0.5
#435,Skuntank,*1,*1,*1,*1,*0.5,*1,*1,*0.5,*2,*1,*0,*1,*1,*0.5,*1,*0.5,*1,*1
#439,Mime Jr.,*1,*1,*1,*1,*1,*1,*0.25,*2,*1,*1,*0.5,*1,*1,*2,*0,*1,*2,*1
#440,Happiny,*1,*1,*1,*1,*1,*1,*2,*1,*1,*1,*1,*1,*1,*0,*1,*1,*1,*1
#428,Lopunny,*1,*1,*1,*1,*1,*1,*2,*1,*1,*1,*1,*1,*1,*0,*1,*1,*1,*1
#437,Bronzong,*0.5,*2,*1,*1,*0.5,*0.5,*1,*0,*2,*0.5,*0.25,*1,*0.5,*2,*0.5,*2,*0.5,*0.5
#426,Drifblim,*0,*1,*1,*2,*0.5,*2,*0,*0.5,*0,*1,*1,*0.25,*2,*2,*1,*2,*1,*1
#427,Buneary,*1,*1,*1,*1,*1,*1,*2,*1,*1,*1,*1,*1,*1,*0,*1,*1,*1,*1
#434,Stunky,*1,*1,*1,*1,*0.5,*1,*1,*0.5,*2,*1,*0,*1,*1,*0.5,*1,*0.5,*1,*1
#425,Drifloon,*0,*1,*1,*2,*0.5,*2,*0,*0.5,*0,*1,*1,*0.25,*2,*2,*1,*2,*1,*1
#422,Shellos,*1,*0.5,*0.5,*2,*2,*0.5,*1,*1,*1,*1,*1,*1,*1,*1,*1,*1,*0.5,*1
#420,Cherubi,*1,*2,*0.5,*0.5,*0.5,*2,*1,*2,*0.5,*2,*1,*2,*1,*1,*1,*1,*1,*1
#423,Gastrodon,*1,*0.5,*1,*0,*4,*1,*1,*0.5,*1,*1,*1,*1,*0.5,*1,*1,*1,*0.5,*1
#415,Combee,*1,*2,*1,*2,*0.25,*2,*0.25,*1,*0,*2,*1,*0.5,*4,*1,*1,*1,*1,*1
#421,Cherrim,*1,*2,*0.5,*0.5,*0.5,*2,*1,*2,*0.5,*2,*1,*2,*1,*1,*1,*1,*1,*1
#406,Budew,*1,*2,*0.5,*0.5,*0.25,*2,*0.5,*1,*1,*2,*2,*1,*1,*1,*1,*1,*1,*0.5
#416,Vespiquen,*1,*2,*1,*2,*0.25,*2,*0.25,*1,*0,*2,*1,*0.5,*4,*1,*1,*1,*1,*1
#405,Luxray,*1,*1,*1,*0.5,*1,*1,*1,*1,*2,*0.5,*1,*1,*1,*1,*1,*1,*0.5,*1
#407,Roserade,*1,*2,*0.5,*0.5,*0.25,*2,*0.5,*1,*1,*2,*2,*1,*1,*1,*1,*1,*1,*0.5
#404,Luxio,*1,*1,*1,*0.5,*1,*1,*1,*1,*2,*0.5,*1,*1,*1,*1,*1,*1,*0.5,*1
#385,Jirachi,*0.5,*2,*1,*1,*0.5,*0.5,*1,*0,*2,*0.5,*0.25,*1,*0.5,*2,*0.5,*2,*0.5,*0.5
#382,Kyogre,*1,*0.5,*0.5,*2,*2,*0.5,*1,*1,*1,*1,*1,*1,*1,*1,*1,*1,*0.5,*1
#383,Groudon,*1,*1,*2,*0,*2,*2,*1,*0.5,*1,*1,*1,*1,*0.5,*1,*1,*1,*1,*1
#384,Rayquaza,*1,*0.5,*0.5,*1,*0.25,*4,*0.5,*1,*0,*1,*1,*0.5,*2,*1,*2,*1,*1,*2
#403,Shinx,*1,*1,*1,*0.5,*1,*1,*1,*1,*2,*0.5,*1,*1,*1,*1,*1,*1,*0.5,*1
#379,Registeel,*0.5,*2,*1,*1,*0.5,*0.5,*2,*0,*2,*0.5,*0.5,*0.5,*0.5,*1,*0.5,*1,*0.5,*0.5
#381,Latios,*1,*0.5,*0.5,*0.5,*0.5,*2,*0.5,*1,*1,*1,*0.5,*2,*1,*2,*2,*2,*1,*2
#380,Latias,*1,*0.5,*0.5,*0.5,*0.5,*2,*0.5,*1,*1,*1,*0.5,*2,*1,*2,*2,*2,*1,*2
#375,Metang,*0.5,*2,*1,*1,*0.5,*0.5,*1,*0,*2,*0.5,*0.25,*1,*0.5,*2,*0.5,*2,*0.5,*0.5
#378,Regice,*1,*2,*1,*1,*1,*0.5,*2,*1,*1,*1,*1,*1,*2,*1,*1,*1,*2,*1
#377,Regirock,*0.5,*0.5,*2,*1,*2,*1,*2,*0.5,*2,*0.5,*1,*1,*1,*1,*1,*1,*2,*1
#376,Metagross,*0.5,*2,*1,*1,*0.5,*0.5,*1,*0,*2,*0.5,*0.25,*1,*0.5,*2,*0.5,*2,*0.5,*0.5
#369,Relicanth,*0.5,*0.25,*1,*2,*4,*0.5,*2,*0.5,*2,*0.5,*1,*1,*1,*1,*1,*1,*1,*1
#373,Salamence,*1,*0.5,*0.5,*1,*0.25,*4,*0.5,*1,*0,*1,*1,*0.5,*2,*1,*2,*1,*1,*2
#374,Beldum,*0.5,*2,*1,*1,*0.5,*0.5,*1,*0,*2,*0.5,*0.25,*1,*0.5,*2,*0.5,*2,*0.5,*0.5
#364,Sealeo,*1,*1,*0.5,*2,*2,*0.25,*2,*1,*1,*1,*1,*1,*2,*1,*1,*1,*1,*1
#363,Spheal,*1,*1,*0.5,*2,*2,*0.25,*2,*1,*1,*1,*1,*1,*2,*1,*1,*1,*1,*1
#371,Bagon,*1,*0.5,*0.5,*0.5,*0.5,*2,*1,*1,*1,*1,*1,*1,*1,*1,*2,*1,*1,*2
#372,Shelgon,*1,*0.5,*0.5,*0.5,*0.5,*2,*1,*1,*1,*1,*1,*1,*1,*1,*2,*1,*1,*2
#362,Glalie,*1,*2,*1,*1,*1,*0.5,*2,*1,*1,*1,*1,*1,*2,*1,*1,*1,*2,*1
#365,Walrein,*1,*1,*0.5,*2,*2,*0.25,*2,*1,*1,*1,*1,*1,*2,*1,*1,*1,*1,*1
#361,Snorunt,*1,*2,*1,*1,*1,*0.5,*2,*1,*1,*1,*1,*1,*2,*1,*1,*1,*2,*1
#359,Absol,*1,*1,*1,*1,*1,*1,*2,*1,*1,*1,*0,*2,*1,*0.5,*1,*0.5,*1,*2
#349,Feebas,*1,*0.5,*0.5,*2,*2,*0.5,*1,*1,*1,*1,*1,*1,*1,*1,*1,*1,*0.5,*1
#356,Dusclops,*0,*1,*1,*1,*1,*1,*0,*0.5,*1,*1,*1,*0.5,*1,*2,*1,*2,*1,*1
#360,Wynaut,*1,*1,*1,*1,*1,*1,*0.5,*1,*1,*1,*0.5,*2,*1,*2,*1,*2,*1,*1
#355,Duskull,*0,*1,*1,*1,*1,*1,*0,*0.5,*1,*1,*1,*0.5,*1,*2,*1,*2,*1,*1
#347,Anorith,*0.5,*1,*2,*1,*1,*1,*1,*0.5,*1,*1,*1,*1,*2,*1,*1,*1,*2,*1
#345,Lileep,*0.5,*1,*1,*0.5,*1,*2,*2,*1,*1,*1,*1,*2,*1,*1,*1,*1,*2,*1
#348,Armaldo,*0.5,*1,*2,*1,*1,*1,*1,*0.5,*1,*1,*1,*1,*2,*1,*1,*1,*2,*1
#350,Milotic,*1,*0.5,*0.5,*2,*2,*0.5,*1,*1,*1,*1,*1,*1,*1,*1,*1,*1,*0.5,*1
#344,Claydol,*1,*1,*2,*0,*2,*2,*0.5,*0.5,*1,*1,*0.5,*2,*0.5,*2,*1,*2,*1,*1
#340,Whiscash,*1,*0.5,*1,*0,*4,*1,*1,*0.5,*1,*1,*1,*1,*0.5,*1,*1,*1,*0.5,*1
#346,Cradily,*0.5,*1,*1,*0.5,*1,*2,*2,*1,*1,*1,*1,*2,*1,*1,*1,*1,*2,*1
#343,Baltoy,*1,*1,*2,*0,*2,*2,*0.5,*0.5,*1,*1,*0.5,*2,*0.5,*2,*1,*2,*1,*1
#342,Crawdaunt,*1,*0.5,*0.5,*2,*2,*0.5,*2,*1,*1,*1,*0,*2,*1,*0.5,*1,*0.5,*0.5,*2
#341,Corphish,*1,*0.5,*0.5,*2,*2,*0.5,*1,*1,*1,*1,*1,*1,*1,*1,*1,*1,*0.5,*1
#339,Barboach,*1,*0.5,*1,*0,*4,*1,*1,*0.5,*1,*1,*1,*1,*0.5,*1,*1,*1,*0.5,*1
#337,Lunatone,*0.5,*0.5,*2,*1,*2,*1,*1,*0.5,*2,*0.5,*0.5,*2,*1,*2,*1,*2,*2,*1
#328,Trapinch,*1,*1,*2,*0,*2,*2,*1,*0.5,*1,*1,*1,*1,*0.5,*1,*1,*1,*1,*1
#333,Swablu,*1,*1,*1,*2,*0.5,*2,*1,*1,*0,*1,*1,*0.5,*2,*0,*1,*1,*1,*1
#334,Altaria,*1,*0.5,*0.5,*1,*0.25,*4,*0.5,*1,*0,*1,*1,*0.5,*2,*1,*2,*1,*1,*2
#338,Solrock,*0.5,*0.5,*2,*1,*2,*1,*1,*0.5,*2,*0.5,*0.5,*2,*1,*2,*1,*2,*2,*1
#329,Vibrava,*1,*0.5,*1,*0,*1,*4,*1,*0.5,*1,*1,*1,*1,*0.5,*1,*2,*1,*1,*2
#324,Torkoal,*1,*0.5,*2,*1,*0.5,*0.5,*1,*1,*2,*1,*1,*0.5,*2,*1,*1,*1,*0.5,*0.5
#320,Wailmer,*1,*0.5,*0.5,*2,*2,*0.5,*1,*1,*1,*1,*1,*1,*1,*1,*1,*1,*0.5,*1
#318,Carvanha,*1,*0.5,*0.5,*2,*2,*0.5,*2,*1,*1,*1,*0,*2,*1,*0.5,*1,*0.5,*0.5,*2
#330,Flygon,*1,*0.5,*1,*0,*1,*4,*1,*0.5,*1,*1,*1,*1,*0.5,*1,*2,*1,*1,*2
#321,Wailord,*1,*0.5,*0.5,*2,*2,*0.5,*1,*1,*1,*1,*1,*1,*1,*1,*1,*1,*0.5,*1
#319,Sharpedo,*1,*0.5,*0.5,*2,*2,*0.5,*2,*1,*1,*1,*0,*2,*1,*0.5,*1,*0.5,*0.5,*2
#310,Manectric,*1,*1,*1,*0.5,*1,*1,*1,*1,*2,*0.5,*1,*1,*1,*1,*1,*1,*0.5,*1
#305,Lairon,*0.25,*1,*2,*1,*1,*0.5,*4,*0,*4,*0.25,*0.5,*0.5,*0.5,*1,*0.5,*1,*1,*0.5
#306,Aggron,*0.25,*1,*2,*1,*1,*0.5,*4,*0,*4,*0.25,*0.5,*0.5,*0.5,*1,*0.5,*1,*1,*0.5
#309,Electrike,*1,*1,*1,*0.5,*1,*1,*1,*1,*2,*0.5,*1,*1,*1,*1,*1,*1,*0.5,*1
#315,Roselia,*1,*2,*0.5,*0.5,*0.25,*2,*0.5,*1,*1,*2,*2,*1,*1,*1,*1,*1,*1,*0.5
#303,Mawile,*0.5,*2,*1,*1,*0.5,*0.5,*1,*0,*2,*0.5,*0.5,*0.25,*0.5,*1,*0,*0.5,*1,*0.5
#302,Sableye,*0,*1,*1,*1,*1,*1,*0,*0.5,*1,*1,*0,*1,*1,*1,*1,*1,*1,*2
#304,Aron,*0.25,*1,*2,*1,*1,*0.5,*4,*0,*4,*0.25,*0.5,*0.5,*0.5,*1,*0.5,*1,*1,*0.5
#298,Azurill,*1,*1,*1,*1,*1,*1,*1,*2,*1,*1,*1,*0.5,*1,*0,*0,*0.5,*2,*1
#294,Loudred,*1,*1,*1,*1,*1,*1,*2,*1,*1,*1,*1,*1,*1,*0,*1,*1,*1,*1
#293,Whismur,*1,*1,*1,*1,*1,*1,*2,*1,*1,*1,*1,*1,*1,*0,*1,*1,*1,*1
#295,Exploud,*1,*1,*1,*1,*1,*1,*2,*1,*1,*1,*1,*1,*1,*0,*1,*1,*1,*1
#291,Ninjask,*1,*2,*1,*2,*0.25,*2,*0.25,*1,*0,*2,*1,*0.5,*4,*1,*1,*1,*1,*1
#290,Nincada,*1,*2,*2,*0,*1,*2,*0.5,*0.5,*0.5,*2,*1,*1,*1,*1,*1,*1,*1,*1
#292,Shedinja,*0,*2,*1,*1,*0.5,*1,*0,*0.5,*0.5,*2,*1,*0.5,*2,*2,*1,*2,*1,*1
#281,Kirlia,*1,*1,*1,*1,*1,*1,*0.25,*2,*1,*1,*0.5,*1,*1,*2,*0,*1,*2,*1
#278,Wingull,*1,*0.5,*0.5,*4,*1,*1,*0.5,*1,*0,*1,*1,*0.5,*2,*1,*1,*1,*0.5,*1
#282,Gardevoir,*1,*1,*1,*1,*1,*1,*0.25,*2,*1,*1,*0.5,*1,*1,*2,*0,*1,*2,*1
#275,Shiftry,*1,*2,*0.5,*0.5,*0.5,*2,*2,*2,*0.5,*2,*0,*4,*1,*0.5,*1,*0.5,*1,*2
#279,Pelipper,*1,*0.5,*0.5,*4,*1,*1,*0.5,*1,*0,*1,*1,*0.5,*2,*1,*1,*1,*0.5,*1
#274,Nuzleaf,*1,*2,*0.5,*0.5,*0.5,*2,*2,*2,*0.5,*2,*0,*4,*1,*0.5,*1,*0.5,*1,*2
#271,Lombre,*1,*1,*0.25,*1,*1,*1,*1,*2,*0.5,*2,*1,*2,*1,*1,*1,*1,*0.5,*1
#280,Ralts,*1,*1,*1,*1,*1,*1,*0.25,*2,*1,*1,*0.5,*1,*1,*2,*0,*1,*2,*1
#272,Ludicolo,*1,*1,*0.25,*1,*1,*1,*1,*2,*0.5,*2,*1,*2,*1,*1,*1,*1,*0.5,*1
#270,Lotad,*1,*1,*0.25,*1,*1,*1,*1,*2,*0.5,*2,*1,*2,*1,*1,*1,*1,*0.5,*1
#264,Linoone,*1,*1,*1,*1,*1,*1,*2,*1,*1,*1,*1,*1,*1,*0,*1,*1,*1,*1
#273,Seedot,*1,*2,*0.5,*0.5,*0.5,*2,*1,*2,*0.5,*2,*1,*2,*1,*1,*1,*1,*1,*1
#263,Zigzagoon,*1,*1,*1,*1,*1,*1,*2,*1,*1,*1,*1,*1,*1,*0,*1,*1,*1,*1
#257,Blaziken,*1,*0.5,*2,*1,*0.5,*0.5,*1,*1,*2,*2,*2,*0.25,*1,*1,*1,*0.5,*0.5,*1
#255,Torchic,*1,*0.5,*2,*1,*0.5,*0.5,*1,*1,*2,*1,*1,*0.5,*2,*1,*1,*1,*0.5,*0.5
#256,Combusken,*1,*0.5,*2,*1,*0.5,*0.5,*1,*1,*2,*2,*2,*0.25,*1,*1,*1,*0.5,*0.5,*1
#254,Sceptile,*1,*2,*0.5,*0.5,*0.5,*2,*1,*2,*0.5,*2,*1,*2,*1,*1,*1,*1,*1,*1
#252,Treecko,*1,*2,*0.5,*0.5,*0.5,*2,*1,*2,*0.5,*2,*1,*2,*1,*1,*1,*1,*1,*1
#253,Grovyle,*1,*2,*0.5,*0.5,*0.5,*2,*1,*2,*0.5,*2,*1,*2,*1,*1,*1,*1,*1,*1
#251,Celebi,*1,*2,*0.5,*0.5,*0.5,*2,*0.5,*2,*0.5,*2,*0.5,*4,*1,*2,*1,*2,*1,*1
#250,Ho-Oh,*1,*0.5,*2,*2,*0.25,*1,*0.5,*1,*0,*1,*1,*0.25,*4,*1,*1,*1,*0.5,*0.5
#258,Mudkip,*1,*0.5,*0.5,*2,*2,*0.5,*1,*1,*1,*1,*1,*1,*1,*1,*1,*1,*0.5,*1
#260,Swampert,*1,*0.5,*1,*0,*4,*1,*1,*0.5,*1,*1,*1,*1,*0.5,*1,*1,*1,*0.5,*1
#248,Tyranitar,*0.5,*0.5,*2,*1,*2,*1,*4,*0.5,*2,*0.5,*0,*2,*1,*0.5,*1,*0.5,*2,*2
#249,Lugia,*1,*1,*1,*2,*0.5,*2,*0.25,*1,*0,*1,*0.5,*1,*2,*2,*1,*2,*1,*1
#247,Pupitar,*0.5,*0.5,*4,*0,*4,*2,*2,*0.25,*2,*0.5,*1,*1,*0.5,*1,*1,*1,*2,*1
#246,Larvitar,*0.5,*0.5,*4,*0,*4,*2,*2,*0.25,*2,*0.5,*1,*1,*0.5,*1,*1,*1,*2,*1
#245,Suicune,*1,*0.5,*0.5,*2,*2,*0.5,*1,*1,*1,*1,*1,*1,*1,*1,*1,*1,*0.5,*1
#243,Raikou,*1,*1,*1,*0.5,*1,*1,*1,*1,*2,*0.5,*1,*1,*1,*1,*1,*1,*0.5,*1
#259,Marshtomp,*1,*0.5,*1,*0,*4,*1,*1,*0.5,*1,*1,*1,*1,*0.5,*1,*1,*1,*0.5,*1
#239,Elekid,*1,*1,*1,*0.5,*1,*1,*1,*1,*2,*0.5,*1,*1,*1,*1,*1,*1,*0.5,*1
#242,Blissey,*1,*1,*1,*1,*1,*1,*2,*1,*1,*1,*1,*1,*1,*0,*1,*1,*1,*1
#244,Entei,*1,*0.5,*2,*1,*0.5,*0.5,*1,*1,*2,*1,*1,*0.5,*2,*1,*1,*1,*0.5,*0.5
#240,Magby,*1,*0.5,*2,*1,*0.5,*0.5,*1,*1,*2,*1,*1,*0.5,*2,*1,*1,*1,*0.5,*0.5
#238,Smoochum,*1,*2,*1,*1,*1,*0.5,*1,*1,*1,*1,*0.5,*2,*2,*2,*1,*2,*2,*1
#233,Porygon2,*1,*1,*1,*1,*1,*1,*2,*1,*1,*1,*1,*1,*1,*0,*1,*1,*1,*1
#237,Hitmontop,*1,*1,*1,*1,*1,*1,*1,*1,*1,*2,*2,*0.5,*0.5,*1,*1,*0.5,*1,*2
#241,Miltank,*1,*1,*1,*1,*1,*1,*2,*1,*1,*1,*1,*1,*1,*0,*1,*1,*1,*1
#230,Kingdra,*1,*0.25,*0.25,*1,*1,*1,*1,*1,*1,*1,*1,*1,*1,*1,*2,*1,*0.5,*2
#226,Mantine,*1,*0.5,*0.5,*4,*1,*1,*0.5,*1,*0,*1,*1,*0.5,*2,*1,*1,*1,*0.5,*1
#225,Delibird,*1,*2,*1,*2,*0.5,*1,*1,*1,*0,*1,*1,*0.5,*4,*1,*1,*1,*2,*1
#224,Octillery,*1,*0.5,*0.5,*2,*2,*0.5,*1,*1,*1,*1,*1,*1,*1,*1,*1,*1,*0.5,*1
#236,Tyrogue,*1,*1,*1,*1,*1,*1,*1,*1,*1,*2,*2,*0.5,*0.5,*1,*1,*0.5,*1,*2
#227,Skarmory,*0.5,*2,*1,*2,*0.25,*1,*1,*0,*0,*0.5,*0.5,*0.25,*1,*1,*0.5,*1,*0.5,*0.5
#223,Remoraid,*1,*0.5,*0.5,*2,*2,*0.5,*1,*1,*1,*1,*1,*1,*1,*1,*1,*1,*0.5,*1
#222,Corsola,*0.5,*0.25,*1,*2,*4,*0.5,*2,*0.5,*2,*0.5,*1,*1,*1,*1,*1,*1,*1,*1
#221,Piloswine,*1,*2,*2,*0,*2,*1,*2,*0.5,*1,*1,*1,*1,*1,*1,*1,*1,*2,*1
#220,Swinub,*1,*2,*2,*0,*2,*1,*2,*0.5,*1,*1,*1,*1,*1,*1,*1,*1,*2,*1
#214,Heracross,*1,*2,*1,*1,*0.5,*1,*0.5,*1,*0.5,*4,*2,*0.5,*1,*1,*1,*0.5,*1,*2
#215,Sneasel,*1,*2,*1,*1,*1,*0.5,*4,*1,*1,*1,*0,*2,*2,*0.5,*1,*0.5,*2,*2
#213,Shuckle,*0.5,*1,*2,*1,*1,*1,*1,*0.5,*1,*1,*1,*1,*2,*1,*1,*1,*2,*1
#211,Qwilfish,*1,*0.5,*0.5,*2,*1,*0.5,*0.5,*0.5,*2,*1,*2,*0.5,*1,*1,*1,*1,*0.5,*0.5
#212,Scizor,*0.5,*4,*1,*1,*0.25,*0.5,*1,*0,*1,*1,*0.5,*0.5,*1,*1,*0.5,*1,*0.5,*0.5
#199,Slowking,*1,*0.5,*0.5,*2,*2,*0.5,*0.5,*1,*1,*1,*0.5,*2,*1,*2,*1,*2,*0.5,*1
#206,Dunsparce,*1,*1,*1,*1,*1,*1,*2,*1,*1,*1,*1,*1,*1,*0,*1,*1,*1,*1
#197,Umbreon,*1,*1,*1,*1,*1,*1,*2,*1,*1,*1,*0,*2,*1,*0.5,*1,*0.5,*1,*2
#208,Steelix,*0.5,*2,*2,*0,*1,*1,*2,*0,*2,*0.5,*0.5,*0.5,*0.25,*1,*0.5,*1,*0.5,*0.5
#186,Politoed,*1,*0.5,*0.5,*2,*2,*0.5,*1,*1,*1,*1,*1,*1,*1,*1,*1,*1,*0.5,*1
#195,Quagsire,*1,*0.5,*1,*0,*4,*1,*1,*0.5,*1,*1,*1,*1,*0.5,*1,*1,*1,*0.5,*1
#196,Espeon,*1,*1,*1,*1,*1,*1,*0.5,*1,*1,*1,*0.5,*2,*1,*2,*1,*2,*1,*1
#185,Sudowoodo,*0.5,*0.5,*2,*1,*2,*1,*2,*0.5,*2,*0.5,*1,*1,*1,*1,*1,*1,*2,*1
#184,Azumarill,*1,*0.5,*0.5,*2,*2,*0.5,*0.5,*2,*1,*1,*1,*0.5,*1,*1,*0,*0.5,*1,*1
#202,Wobbuffet,*1,*1,*1,*1,*1,*1,*0.5,*1,*1,*1,*0.5,*2,*1,*2,*1,*2,*1,*1
#194,Wooper,*1,*0.5,*1,*0,*4,*1,*1,*0.5,*1,*1,*1,*1,*0.5,*1,*1,*1,*0.5,*1
#183,Marill,*1,*0.5,*0.5,*2,*2,*0.5,*0.5,*2,*1,*1,*1,*0.5,*1,*1,*0,*0.5,*1,*1
#182,Bellossom,*1,*2,*0.5,*0.5,*0.5,*2,*1,*2,*0.5,*2,*1,*2,*1,*1,*1,*1,*1,*1
#176,Togetic,*1,*1,*1,*2,*0.5,*2,*0.25,*2,*0,*1,*1,*0.25,*2,*1,*0,*0.5,*2,*1
#177,Natu,*1,*1,*1,*2,*0.5,*2,*0.25,*1,*0,*1,*0.5,*1,*2,*2,*1,*2,*1,*1
#175,Togepi,*1,*1,*1,*1,*1,*1,*0.5,*2,*1,*1,*1,*0.5,*1,*1,*0,*0.5,*2,*1
#178,Xatu,*1,*1,*1,*2,*0.5,*2,*0.25,*1,*0,*1,*0.5,*1,*2,*2,*1,*2,*1,*1
#171,Lanturn,*1,*0.5,*0.5,*1,*2,*0.5,*1,*1,*2,*0.5,*1,*1,*1,*1,*1,*1,*0.25,*1
#172,Pichu,*1,*1,*1,*0.5,*1,*1,*1,*1,*2,*0.5,*1,*1,*1,*1,*1,*1,*0.5,*1
#174,Igglybuff,*1,*1,*1,*1,*1,*1,*1,*2,*1,*1,*1,*0.5,*1,*0,*0,*0.5,*2,*1
#173,Cleffa,*1,*1,*1,*1,*1,*1,*0.5,*2,*1,*1,*1,*0.5,*1,*1,*0,*0.5,*2,*1
#170,Chinchou,*1,*0.5,*0.5,*1,*2,*0.5,*1,*1,*2,*0.5,*1,*1,*1,*1,*1,*1,*0.25,*1
#163,Hoothoot,*1,*1,*1,*2,*0.5,*2,*1,*1,*0,*1,*1,*0.5,*2,*0,*1,*1,*1,*1
#169,Crobat,*1,*1,*1,*2,*0.25,*2,*0.25,*0.5,*0,*1,*2,*0.25,*2,*1,*1,*1,*1,*0.5
#151,Mew,*1,*1,*1,*1,*1,*1,*0.5,*1,*1,*1,*0.5,*2,*1,*2,*1,*2,*1,*1
#150,Mewtwo,*1,*1,*1,*1,*1,*1,*0.5,*1,*1,*1,*0.5,*2,*1,*2,*1,*2,*1,*1
#148,Dragonair,*1,*0.5,*0.5,*0.5,*0.5,*2,*1,*1,*1,*1,*1,*1,*1,*1,*2,*1,*1,*2
#149,Dragonite,*1,*0.5,*0.5,*1,*0.25,*4,*0.5,*1,*0,*1,*1,*0.5,*2,*1,*2,*1,*1,*2
#164,Noctowl,*1,*1,*1,*2,*0.5,*2,*1,*1,*0,*1,*1,*0.5,*2,*0,*1,*1,*1,*1
#147,Dratini,*1,*0.5,*0.5,*0.5,*0.5,*2,*1,*1,*1,*1,*1,*1,*1,*1,*2,*1,*1,*2
#144,Articuno,*1,*2,*1,*2,*0.5,*1,*1,*1,*0,*1,*1,*0.5,*4,*1,*1,*1,*2,*1
#143,Snorlax,*1,*1,*1,*1,*1,*1,*2,*1,*1,*1,*1,*1,*1,*0,*1,*1,*1,*1
#146,Moltres,*1,*0.5,*2,*2,*0.25,*1,*0.5,*1,*0,*1,*1,*0.25,*4,*1,*1,*1,*0.5,*0.5
#145,Zapdos,*1,*1,*1,*1,*0.5,*2,*0.5,*1,*0,*0.5,*1,*0.5,*2,*1,*1,*1,*0.5,*1
#140,Kabuto,*0.5,*0.25,*1,*2,*4,*0.5,*2,*0.5,*2,*0.5,*1,*1,*1,*1,*1,*1,*1,*1
#139,Omastar,*0.5,*0.25,*1,*2,*4,*0.5,*2,*0.5,*2,*0.5,*1,*1,*1,*1,*1,*1,*1,*1
#141,Kabutops,*0.5,*0.25,*1,*2,*4,*0.5,*2,*0.5,*2,*0.5,*1,*1,*1,*1,*1,*1,*1,*1
#142,Aerodactyl,*0.5,*0.5,*2,*2,*1,*2,*1,*0.5,*0,*0.5,*1,*0.5,*2,*1,*1,*1,*2,*1
#138,Omanyte,*0.5,*0.25,*1,*2,*4,*0.5,*2,*0.5,*2,*0.5,*1,*1,*1,*1,*1,*1,*1,*1
#136,Flareon,*1,*0.5,*2,*1,*0.5,*0.5,*1,*1,*2,*1,*1,*0.5,*2,*1,*1,*1,*0.5,*0.5
#137,Porygon,*1,*1,*1,*1,*1,*1,*2,*1,*1,*1,*1,*1,*1,*0,*1,*1,*1,*1
#135,Jolteon,*1,*1,*1,*0.5,*1,*1,*1,*1,*2,*0.5,*1,*1,*1,*1,*1,*1,*0.5,*1
#134,Vaporeon,*1,*0.5,*0.5,*2,*2,*0.5,*1,*1,*1,*1,*1,*1,*1,*1,*1,*1,*0.5,*1
#133,Eevee,*1,*1,*1,*1,*1,*1,*2,*1,*1,*1,*1,*1,*1,*0,*1,*1,*1,*1
#130,Gyarados,*1,*0.5,*0.5,*4,*1,*1,*0.5,*1,*0,*1,*1,*0.5,*2,*1,*1,*1,*0.5,*1
#129,Magikarp,*1,*0.5,*0.5,*2,*2,*0.5,*1,*1,*1,*1,*1,*1,*1,*1,*1,*1,*0.5,*1
#128,Tauros,*1,*1,*1,*1,*1,*1,*2,*1,*1,*1,*1,*1,*1,*0,*1,*1,*1,*1
#132,Ditto,*1,*1,*1,*1,*1,*1,*2,*1,*1,*1,*1,*1,*1,*0,*1,*1,*1,*1
#131,Lapras,*1,*1,*0.5,*2,*2,*0.25,*2,*1,*1,*1,*1,*1,*2,*1,*1,*1,*1,*1
#126,Magmar,*1,*0.5,*2,*1,*0.5,*0.5,*1,*1,*2,*1,*1,*0.5,*2,*1,*1,*1,*0.5,*0.5
#125,Electabuzz,*1,*1,*1,*0.5,*1,*1,*1,*1,*2,*0.5,*1,*1,*1,*1,*1,*1,*0.5,*1
#127,Pinsir,*1,*2,*1,*1,*0.5,*1,*0.5,*1,*0.5,*2,*1,*1,*2,*1,*1,*1,*1,*1
#124,Jynx,*1,*2,*1,*1,*1,*0.5,*1,*1,*1,*1,*0.5,*2,*2,*2,*1,*2,*2,*1
#123,Scyther,*1,*2,*1,*2,*0.25,*2,*0.25,*1,*0,*2,*1,*0.5,*4,*1,*1,*1,*1,*1
#122,Mr. Mime,*1,*1,*1,*1,*1,*1,*0.25,*2,*1,*1,*0.5,*1,*1,*2,*0,*1,*2,*1
#120,Staryu,*1,*0.5,*0.5,*2,*2,*0.5,*1,*1,*1,*1,*1,*1,*1,*1,*1,*1,*0.5,*1
#119,Seaking,*1,*0.5,*0.5,*2,*2,*0.5,*1,*1,*1,*1,*1,*1,*1,*1,*1,*1,*0.5,*1
#118,Goldeen,*1,*0.5,*0.5,*2,*2,*0.5,*1,*1,*1,*1,*1,*1,*1,*1,*1,*1,*0.5,*1
#121,Starmie,*1,*0.5,*0.5,*2,*2,*0.5,*0.5,*1,*1,*1,*0.5,*2,*1,*2,*1,*2,*0.5,*1
#116,Horsea,*1,*0.5,*0.5,*2,*2,*0.5,*1,*1,*1,*1,*1,*1,*1,*1,*1,*1,*0.5,*1
#117,Seadra,*1,*0.5,*0.5,*2,*2,*0.5,*1,*1,*1,*1,*1,*1,*1,*1,*1,*1,*0.5,*1
#115,Kangaskhan,*1,*1,*1,*1,*1,*1,*2,*1,*1,*1,*1,*1,*1,*0,*1,*1,*1,*1
#114,Tangela,*1,*2,*0.5,*0.5,*0.5,*2,*1,*2,*0.5,*2,*1,*2,*1,*1,*1,*1,*1,*1
#113,Chansey,*1,*1,*1,*1,*1,*1,*2,*1,*1,*1,*1,*1,*1,*0,*1,*1,*1,*1
#112,Rhydon,*0.5,*0.5,*4,*0,*4,*2,*2,*0.25,*2,*0.5,*1,*1,*0.5,*1,*1,*1,*2,*1
#109,Koffing,*1,*1,*1,*1,*0.5,*1,*0.5,*0.5,*2,*1,*2,*0.5,*1,*1,*1,*1,*1,*0.5
#111,Rhyhorn,*0.5,*0.5,*4,*0,*4,*2,*2,*0.25,*2,*0.5,*1,*1,*0.5,*1,*1,*1,*2,*1
#107,Hitmonchan,*1,*1,*1,*1,*1,*1,*1,*1,*1,*2,*2,*0.5,*0.5,*1,*1,*0.5,*1,*2
#108,Lickitung,*1,*1,*1,*1,*1,*1,*2,*1,*1,*1,*1,*1,*1,*0,*1,*1,*1,*1
#106,Hitmonlee,*1,*1,*1,*1,*1,*1,*1,*1,*1,*2,*2,*0.5,*0.5,*1,*1,*0.5,*1,*2
#110,Weezing,*1,*1,*1,*1,*0.5,*1,*0.5,*0.5,*2,*1,*2,*0.5,*1,*1,*1,*1,*1,*0.5
#105,Marowak,*1,*1,*2,*0,*2,*2,*1,*0.5,*1,*1,*1,*1,*0.5,*1,*1,*1,*1,*1
#104,Cubone,*1,*1,*2,*0,*2,*2,*1,*0.5,*1,*1,*1,*1,*0.5,*1,*1,*1,*1,*1
#102,Exeggcute,*1,*2,*0.5,*0.5,*0.5,*2,*0.5,*2,*0.5,*2,*0.5,*4,*1,*2,*1,*2,*1,*1
#103,Exeggutor,*1,*2,*0.5,*0.5,*0.5,*2,*0.5,*2,*0.5,*2,*0.5,*4,*1,*2,*1,*2,*1,*1
#099,Kingler,*1,*0.5,*0.5,*2,*2,*0.5,*1,*1,*1,*1,*1,*1,*1,*1,*1,*1,*0.5,*1
#095,Onix,*0.5,*0.5,*4,*0,*4,*2,*2,*0.25,*2,*0.5,*1,*1,*0.5,*1,*1,*1,*2,*1
#098,Krabby,*1,*0.5,*0.5,*2,*2,*0.5,*1,*1,*1,*1,*1,*1,*1,*1,*1,*1,*0.5,*1
#093,Haunter,*0,*1,*1,*1,*0.5,*1,*0,*0.25,*2,*1,*2,*0.25,*1,*2,*1,*2,*1,*0.5
#092,Gastly,*0,*1,*1,*1,*0.5,*1,*0,*0.25,*2,*1,*2,*0.25,*1,*2,*1,*2,*1,*0.5
#090,Shellder,*1,*0.5,*0.5,*2,*2,*0.5,*1,*1,*1,*1,*1,*1,*1,*1,*1,*1,*0.5,*1
#094,Gengar,*0,*1,*1,*1,*0.5,*1,*0,*0.25,*2,*1,*2,*0.25,*1,*2,*1,*2,*1,*0.5
#083,Farfetch'd,*1,*1,*1,*2,*0.5,*2,*1,*1,*0,*1,*1,*0.5,*2,*0,*1,*1,*1,*1
#082,Magneton,*0.5,*2,*1,*0.5,*0.5,*0.5,*2,*0,*4,*0.25,*0.5,*0.5,*0.5,*1,*0.5,*1,*0.25,*0.5
#091,Cloyster,*1,*1,*0.5,*2,*2,*0.25,*2,*1,*1,*1,*1,*1,*2,*1,*1,*1,*1,*1
#081,Magnemite,*0.5,*2,*1,*0.5,*0.5,*0.5,*2,*0,*4,*0.25,*0.5,*0.5,*0.5,*1,*0.5,*1,*0.25,*0.5
#080,Slowbro,*1,*0.5,*0.5,*2,*2,*0.5,*0.5,*1,*1,*1,*0.5,*2,*1,*2,*1,*2,*0.5,*1
#079,Slowpoke,*1,*0.5,*0.5,*2,*2,*0.5,*0.5,*1,*1,*1,*0.5,*2,*1,*2,*1,*2,*0.5,*1
#055,Golduck,*1,*0.5,*0.5,*2,*2,*0.5,*1,*1,*1,*1,*1,*1,*1,*1,*1,*1,*0.5,*1
#053,Persian,*1,*1,*1,*1,*1,*1,*2,*1,*1,*1,*1,*1,*1,*0,*1,*1,*1,*1
#052,Meowth,*1,*1,*1,*1,*1,*1,*2,*1,*1,*1,*1,*1,*1,*0,*1,*1,*1,*1
#051,Dugtrio,*1,*1,*2,*0,*2,*2,*1,*0.5,*1,*1,*1,*1,*0.5,*1,*1,*1,*1,*1
#054,Psyduck,*1,*0.5,*0.5,*2,*2,*0.5,*1,*1,*1,*1,*1,*1,*1,*1,*1,*1,*0.5,*1
#050,Diglett,*1,*1,*2,*0,*2,*2,*1,*0.5,*1,*1,*1,*1,*0.5,*1,*1,*1,*1,*1
#045,Vileplume,*1,*2,*0.5,*0.5,*0.25,*2,*0.5,*1,*1,*2,*2,*1,*1,*1,*1,*1,*1,*0.5
#043,Oddish,*1,*2,*0.5,*0.5,*0.25,*2,*0.5,*1,*1,*2,*2,*1,*1,*1,*1,*1,*1,*0.5
#044,Gloom,*1,*2,*0.5,*0.5,*0.25,*2,*0.5,*1,*1,*2,*2,*1,*1,*1,*1,*1,*1,*0.5
#042,Golbat,*1,*1,*1,*2,*0.25,*2,*0.25,*0.5,*0,*1,*2,*0.25,*2,*1,*1,*1,*1,*0.5
#040,Wigglytuff,*1,*1,*1,*1,*1,*1,*1,*2,*1,*1,*1,*0.5,*1,*0,*0,*0.5,*2,*1
#041,Zubat,*1,*1,*1,*2,*0.25,*2,*0.25,*0.5,*0,*1,*2,*0.25,*2,*1,*1,*1,*1,*0.5
#038,Ninetales,*1,*0.5,*2,*1,*0.5,*0.5,*1,*1,*2,*1,*1,*0.5,*2,*1,*1,*1,*0.5,*0.5
#037,Vulpix,*1,*0.5,*2,*1,*0.5,*0.5,*1,*1,*2,*1,*1,*0.5,*2,*1,*1,*1,*0.5,*0.5
#039,Jigglypuff,*1,*1,*1,*1,*1,*1,*1,*2,*1,*1,*1,*0.5,*1,*0,*0,*0.5,*2,*1
#036,Clefable,*1,*1,*1,*1,*1,*1,*0.5,*2,*1,*1,*1,*0.5,*1,*1,*0,*0.5,*2,*1
#035,Clefairy,*1,*1,*1,*1,*1,*1,*0.5,*2,*1,*1,*1,*0.5,*1,*1,*0,*0.5,*2,*1
#033,Nidorino,*1,*1,*1,*1,*0.5,*1,*0.5,*0.5,*2,*1,*2,*0.5,*1,*1,*1,*1,*1,*0.5
#032,Nidoranâ™‚,*1,*1,*1,*1,*0.5,*1,*0.5,*0.5,*2,*1,*2,*0.5,*1,*1,*1,*1,*1,*0.5
#034,Nidoking,*1,*1,*2,*0,*1,*2,*0.5,*0.25,*2,*1,*2,*0.5,*0.5,*1,*1,*1,*1,*0.5
#031,Nidoqueen,*1,*1,*2,*0,*1,*2,*0.5,*0.25,*2,*1,*2,*0.5,*0.5,*1,*1,*1,*1,*0.5
#030,Nidorina,*1,*1,*1,*1,*0.5,*1,*0.5,*0.5,*2,*1,*2,*0.5,*1,*1,*1,*1,*1,*0.5
#028,Sandslash,*1,*1,*2,*0,*2,*2,*1,*0.5,*1,*1,*1,*1,*0.5,*1,*1,*1,*1,*1
#027,Sandshrew,*1,*1,*2,*0,*2,*2,*1,*0.5,*1,*1,*1,*1,*0.5,*1,*1,*1,*1,*1
#025,Pikachu,*1,*1,*1,*0.5,*1,*1,*1,*1,*2,*0.5,*1,*1,*1,*1,*1,*1,*0.5,*1
#026,Raichu,*1,*1,*1,*0.5,*1,*1,*1,*1,*2,*0.5,*1,*1,*1,*1,*1,*1,*0.5,*1
#010,Caterpie,*1,*2,*1,*1,*0.5,*1,*0.5,*1,*0.5,*2,*1,*1,*2,*1,*1,*1,*1,*1
#012,Butterfree,*1,*2,*1,*2,*0.25,*2,*0.25,*1,*0,*2,*1,*0.5,*4,*1,*1,*1,*1,*1
#011,Metapod,*1,*2,*1,*1,*0.5,*1,*0.5,*1,*0.5,*2,*1,*1,*2,*1,*1,*1,*1,*1
#009,Blastoise,*1,*0.5,*0.5,*2,*2,*0.5,*1,*1,*1,*1,*1,*1,*1,*1,*1,*1,*0.5,*1
#008,Wartortle,*1,*0.5,*0.5,*2,*2,*0.5,*1,*1,*1,*1,*1,*1,*1,*1,*1,*1,*0.5,*1
#029,Nidoranâ™€,*1,*1,*1,*1,*0.5,*1,*0.5,*0.5,*2,*1,*2,*0.5,*1,*1,*1,*1,*1,*0.5
#007,Squirtle,*1,*0.5,*0.5,*2,*2,*0.5,*1,*1,*1,*1,*1,*1,*1,*1,*1,*1,*0.5,*1
#006,Charizard,*1,*0.5,*2,*2,*0.25,*1,*0.5,*1,*0,*1,*1,*0.25,*4,*1,*1,*1,*0.5,*0.5
#004,Charmander,*1,*0.5,*2,*1,*0.5,*0.5,*1,*1,*2,*1,*1,*0.5,*2,*1,*1,*1,*0.5,*0.5
#005,Charmeleon,*1,*0.5,*2,*1,*0.5,*0.5,*1,*1,*2,*1,*1,*0.5,*2,*1,*1,*1,*0.5,*0.5
#002,Ivysaur,*1,*2,*0.5,*0.5,*0.25,*2,*0.5,*1,*1,*2,*2,*1,*1,*1,*1,*1,*1,*0.5
#003,Venusaur,*1,*2,*0.5,*0.5,*0.25,*2,*0.5,*1,*1,*2,*2,*1,*1,*1,*1,*1,*1,*0.5
